id,State Names,District,Latitude,Longitude,TB Incidence,Diabetes Prevalence,Malaria Incidence,HIV/AIDS Prevalence,IMR,Vaccination Rate,Income Level,Employment Rate,Education Level,Housing Conditions,Urbanization Rate,AQI,Annual Rainfall,Target (Healthcare Access)
1,Andaman Nicobar,Nicobar,7,93.7,102,10.01,137,2.84,18,97.56,32891,57.7,87.04,88.52,58.51,71,2527.85,0
2,Andaman Nicobar,North and Middle Andaman,12.5,92.9,455,14.74,83,2.94,27,84.03,13017,32.66,60.07,54.98,29.95,120,1849.03,1
3,Andaman Nicobar,South Andaman,11.6234,92.7265,260,9.48,289,2.61,13,95.33,49105,67.4,78.14,83,22.8,81,3511.45,3
4,Andra Pradesh,Anantapur,14.68,77.59,134,12.5,200,3.5,30,85,40000,60,75,70,45,90,1200,2
5,Andra Pradesh,Chittoor,13.22,79.09,150,13.2,180,4,28,80,42000,62,80,68,50,95,1300,3
6,Andra Pradesh,East Godavari,16.98,82.22,110,10.8,150,3.8,26,90,45000,58,78,72,55,85,1100,3
7,Andra Pradesh,Guntur,16.31,80.43,95,11.5,120,3.2,25,88,41000,59,72,69,40,88,1000,2
8,Andra Pradesh,Kadapa,14.47,78.82,180,13,210,4.5,32,75,43000,61.5,79,73,48,92,1150,4
9,Andra Pradesh,Krishna,16.52,80.62,125,12.7,130,4,30,82,44000,62.5,77,71,49,90,1400,3
10,Andra Pradesh,Kurnool,15.83,78.04,160,12.1,170,4.2,29,86,46000,60,74,70,50,87,1250,2
11,Andra Pradesh,Nellore,14.42,79.97,140,13.5,190,4.3,31,83,42000,63,80,69,52,89,1350,4
12,Andra Pradesh,Prakasam,15.36,80.05,115,11.9,125,3.9,27,88,41000,59.5,76,72,45,93,1000,3
13,Andra Pradesh,Srikakulam,18.29,83.89,135,12.3,145,4.1,28,87,43000,60,78,73,46,91,1100,3
14,Andra Pradesh,Visakhapatnam,17.68,83.22,190,13.4,200,4.2,33,80,45000,61,79,75,50,95,1300,4
15,Andra Pradesh,Vizianagaram,18.11,83.42,150,11.8,175,4,31,85,44000,62.5,80,71,53,90,1250,3
16,Andra Pradesh,West Godavari,16.85,81.36,120,12.6,165,3.7,29,82,46000,60.5,74,69,48,87,1400,2
17,Andra Pradesh,YSR Kadapa,14.47,78.82,175,13.1,185,4.3,30,78,47000,63,77,72,51,88,1100,4
18,Arunachal Pradesh,Tawang,27.59,91.86,2.5,2,1,0.2,25,85,3,3,3,2,2,42,200,3
19,Arunachal Pradesh,West Kameng,27.33,92.4,2.2,1.8,1.2,0.3,28,80,2,4,2,3,3,48,250,2
20,Arunachal Pradesh,East Kameng,27.08,93.02,3,2.4,1.1,0.4,30,88,3,2,4,4,2,55,300,4
21,Arunachal Pradesh,Papum Pare,27.15,93.61,1.8,1.9,1,0.2,24,82,4,3,3,2,3,43,150,3
22,Arunachal Pradesh,Kurung Kumey,27.71,93.19,2.7,1.5,1.3,0.5,29,84,2,4,2,3,4,47,280,2
23,Arunachal Pradesh,Kra Daadi,27.54,93.04,2.9,2,1.4,0.3,32,86,1,3,3,4,3,52,260,3
24,Arunachal Pradesh,Lower Subansiri,27.56,93.45,2.1,2.2,1,0.4,25,85,3,2,4,3,4,45,270,4
25,Arunachal Pradesh,Upper Subansiri,28.08,94.23,3.3,2.1,1.2,0.6,31,83,2,4,2,4,2,56,230,3
26,Arunachal Pradesh,West Siang,27.5,94.68,1.9,1.9,1.1,0.5,28,87,3,3,3,2,3,44,240,2
27,Arunachal Pradesh,East Siang,28.07,95.33,2.4,2.3,1.3,0.3,27,88,4,2,4,3,4,47,300,3
28,Arunachal Pradesh,Upper Siang,28.75,95.1,2.8,2.6,1.4,0.4,30,89,3,3,3,4,2,53,220,4
29,Arunachal Pradesh,Lower Siang,27.86,95.52,3,2.2,1.1,0.5,29,85,4,4,2,3,3,44,210,3
30,Arunachal Pradesh,Dibang Valley,28.8,95.96,2.3,2,1.2,0.3,24,86,3,3,4,4,4,51,320,2
31,Arunachal Pradesh,Lower Dibang Valley,28.19,95.58,2.6,1.9,1,0.2,28,84,3,2,3,3,3,46,200,4
32,Arunachal Pradesh,Lohit,27.97,96.17,2,2.1,1.3,0.6,31,87,4,4,2,2,2,55,260,3
33,Arunachal Pradesh,Changlang,27.48,96.02,3.1,1.7,1.2,0.4,30,88,2,3,3,3,4,53,310,2
34,Arunachal Pradesh,Tirap,27.35,95.6,2.9,1.9,1.5,0.7,32,84,3,3,4,4,2,49,230,4
35,Arunachal Pradesh,Namsai,27.82,96.02,1.7,2.4,1.1,0.3,26,89,2,4,3,2,3,57,290,3
36,Arunachal Pradesh,Anjaw,28.07,96.67,3.2,2.1,1,0.2,29,85,3,2,2,3,4,52,210,2
37,Arunachal Pradesh,Kamle,27.84,93.89,2.4,1.8,1.4,0.4,28,86,3,3,4,4,2,46,250,4
38,Assam,Baksa,26.992475,93.165574,865,11.20249017,365,1.873446455,27,79.68781128,31610,40.33924388,83.20107386,88.84892109,54.55182589,92,1536.128957,1
39,Assam,Barpeta,26.635388,93.075316,784,10.85460045,412,4.029819284,17,77.62555062,104400,49.05785488,68.18267625,78.03356878,33.82506174,125,2188.312157,2
40,Assam,Biswanath,26.851191,94.979901,622,7.474264773,358,2.171289217,49,86.99489355,45483,56.3009226,70.39295947,58.58629254,52.61278447,153,1529.038808,1
41,Assam,Bongaigaon,26.084467,92.71693,523,13.03262231,450,2.47931482,42,76.26988708,143316,65.22847621,84.31492274,55.36993303,54.84127527,53,2808.990103,1
42,Assam,Cachar,26.522582,94.428504,236,9.640729866,378,3.489940715,20,92.77527116,126621,41.37456614,70.77046941,79.82675424,30.31330048,90,2380.606679,2
43,Assam,Charaideo,26.068838,94.884156,686,12.11409514,139,0.80088208,45,73.03932834,64300,51.9781699,62.10562612,66.24171974,14.25280749,121,2712.560712,2
44,Assam,Chirang,26.675446,92.730716,816,14.23758077,463,3.536007071,83,81.99607342,55427,49.86118145,84.17905563,58.80907433,37.35005388,159,2700.516378,3
45,Assam,Darrang,27.166746,91.719549,845,7.174671593,70,3.830700154,34,87.01845281,130014,51.18183596,76.45564413,65.12658121,51.3356342,169,2276.24771,0
46,Assam,Dhemaji,27.414474,92.76359,643,5.611185218,125,2.980438949,53,85.6189123,130179,46.76983681,65.33975744,85.6275528,16.50865271,149,2500.571517,4
47,Assam,Dhubri,26.264555,94.639122,419,10.2085174,418,1.644500917,85,94.60939871,134951,49.3857238,65.55370255,69.68934713,53.87200715,180,2958.157476,2
48,Assam,Dibrugarh,26.599546,92.375505,476,5.368407958,320,4.771572024,62,84.0914949,86710,64.23588737,68.54393718,94.79469053,49.99189463,192,2120.410904,2
49,Assam,Dima Hasao,26.189171,94.019169,626,11.79553146,180,2.42926734,29,74.67939984,43989,43.01217906,76.14620347,56.14256455,35.02492558,156,2107.25751,4
50,Assam,Goalpara,27.249097,92.933123,714,9.287460653,74,4.832404038,79,89.50205016,30008,73.79769891,70.10108905,89.25466265,28.9777073,55,2064.862248,3
51,Assam,Golaghat,26.293776,94.566567,803,10.50103412,483,1.410056616,17,70.62097492,118385,68.35332056,88.36650288,52.81148156,23.62368562,81,2842.644834,4
52,Assam,Hailakandi,26.555137,93.306456,237,12.71155964,436,0.904013483,80,77.57294114,80595,55.47275751,84.83158988,55.70658858,41.20386211,169,2866.11361,1
53,Assam,Hojai,26.009593,94.568126,711,7.334279869,273,0.517156431,76,84.72024039,124116,55.80535,56.91168952,90.36763882,50.82639447,80,1705.158156,0
54,Assam,Jorhat,27.484397,92.43338,202,8.170722092,280,2.639248861,83,73.17118057,56660,53.25385181,78.70036501,83.64607731,43.45299472,182,2832.692362,2
55,Assam,Kamrup,26.54943,93.001652,478,9.8793407,463,2.034295739,73,70.57754307,142437,55.60575853,86.34174816,94.47253727,34.13428612,137,2253.500952,0
56,Assam,Kamrup Metropolitan,27.279746,92.064738,146,8.788288867,279,2.439965609,73,79.95458471,130602,62.74682783,65.7247264,64.07468558,31.50063301,80,2618.806555,3
57,Assam,Karbi Anglong,27.299194,93.518361,161,12.59275631,248,3.301631217,45,90.00331946,52082,41.89023576,55.6889389,83.02359549,29.65748438,76,2872.498536,4
58,Assam,Karimganj,27.38132,93.739507,121,14.44212457,144,4.339210651,10,75.00537593,104494,59.32279282,68.95946668,55.88265427,18.32117005,99,1502.631413,1
59,Assam,Kokrajhar,26.311661,94.672462,595,8.518670484,172,3.439402776,98,84.8929252,149061,66.88786411,68.02418816,62.72565163,39.1714541,52,2403.314545,0
60,Assam,Lakhimpur,26.289398,91.159212,129,11.63385009,388,1.32843852,71,72.49700778,83820,71.53161691,75.67504003,66.16417249,15.78271482,124,2944.285065,2
61,Assam,Majuli,26.892173,94.21324,601,13.69513409,321,1.198224632,69,87.09378051,115107,52.75467777,80.50153364,58.24316652,11.88939095,122,2547.953087,1
62,Assam,Morigaon,26.262514,94.813892,949,14.43056555,85,1.678631375,52,91.60553914,66701,73.46023684,65.92237495,60.18649569,15.69040484,161,2465.978372,1
63,Assam,Nagaon,26.973588,94.612798,293,8.724528045,293,3.536847218,56,72.15614579,121555,54.29650997,65.36283199,76.49352402,12.1612673,194,1864.967401,4
64,Assam,Nalbari,26.812377,92.163152,218,11.8238756,258,2.307100223,82,94.30552777,140065,72.77309794,54.63166413,70.37934974,22.47595696,63,2701.048771,2
65,Assam,Sivasagar,27.287652,94.332176,679,11.3480127,347,2.270547252,40,80.27725185,38579,64.64313684,89.69202888,90.73360468,37.39155387,143,1918.990356,4
66,Assam,Sonitpur,27.266672,91.53801,342,7.028424499,381,1.039502429,83,82.88511687,79752,54.25831864,75.19908094,64.15733882,24.76362455,113,2057.029209,2
67,Assam,South Salmara-Mankachar,27.49751,93.490031,177,13.2486944,156,3.871368221,17,89.26907372,136545,48.45093359,82.85566811,72.63317713,51.1514971,151,1737.104094,2
68,Assam,Tinsukia,26.367439,93.350296,636,9.90708339,219,0.897330077,82,78.1095859,85272,69.87969969,62.13257798,60.94441946,55.97658251,138,2372.894072,3
69,Assam,Udalguri,27.437546,91.523887,823,10.03472007,267,4.292443413,27,78.53114144,113122,40.92544268,52.23082303,70.80742846,11.20537869,105,2454.633536,1
70,Assam,West Karbi Anglong,26.200714,93.388339,508,8.954846742,138,2.127196454,60,90.1425062,55691,41.43810744,57.34788745,67.32895735,39.46617964,82,1677.755801,2
71,Bihar,Araria,25.12362036,86.42116513,17.71270347,10.16701878,3.434684616,0.337241107,44,86,44183,58,83,71,43,85,1182,0
72,Bihar,Arwal,26.85214292,85.20076247,10.74044652,11.35730295,4.468358281,0.658886303,35,94,42027,57,74,62,43,69,1021,0
73,Bihar,Aurangabad-BI,26.19598183,83.61019117,13.58465729,11.01836038,5.956951362,0.660167223,36,91,39142,62,76,60,49,67,1093,2
74,Bihar,Banka,25.79597545,85.47588455,11.1586906,7.932850294,3.726165815,0.553240583,31,81,41966,54,79,60,44,76,904,4
75,Bihar,Begusarai,24.46805592,83.17194261,18.63103426,11.46279499,5.016406642,0.435611916,44,81,42079,50,79,67,48,89,928,3
76,Bihar,Bhagalpur,24.46798356,87.54660201,16.23298127,9.69671121,5.284858846,0.43968383,40,86,42987,62,75,69,42,84,1064,0
77,Bihar,Bhojpur,24.17425084,84.29389991,13.30898025,11.03720078,3.712912632,0.590382272,39,94,41799,56,74,70,56,85,1238,3
78,Bihar,Buxar,26.59852844,86.31261142,10.6355835,11.4804565,5.184649046,0.658844104,31,85,47556,64,73,71,42,68,1035,0
79,Bihar,Darbhanga,25.80334504,84.55855538,13.10982322,8.590017375,4.103349398,0.65483457,39,82,39465,54,71,72,55,85,1264,0
80,Bihar,East Champaran,26.12421773,85.60034011,13.25183322,7.550259623,4.896917492,0.611950218,30,88,35635,55,73,72,43,87,1220,0
81,Bihar,Gaya,24.06175348,85.7335514,17.29606178,8.139675813,4.900589132,0.556812658,37,89,48417,62,84,71,57,80,1241,4
82,Bihar,Gopalganj,26.90972956,83.92427228,16.37557471,9.135538943,4.607324052,0.333655986,30,94,36693,56,79,74,56,89,1044,1
83,Bihar,Jamui,26.49732792,87.84792314,18.87212743,11.09007383,3.27086931,0.364651486,38,93,44874,52,79,73,46,71,1226,3
84,Bihar,Jehanabad,24.63701733,86.87566412,14.72214925,11.30365292,5.505907487,0.659421675,40,92,39752,61,72,61,44,77,1116,4
85,Bihar,Kaimur,24.5454749,87.69749471,11.19594246,7.034760653,3.962340195,0.542571624,35,85,43311,59,79,72,51,85,1200,4
86,Bihar,Katihar,24.55021353,87.47413675,17.13244787,9.553736513,3.559555531,0.303678821,36,89,35830,52,70,62,56,74,1031,4
87,Bihar,Khagaria,24.91272673,85.98949989,17.60785049,9.087055016,3.122325425,0.340588617,42,89,49098,54,77,61,52,71,1191,4
88,Bihar,Kishanganj,25.57426929,87.60937118,15.61277198,8.110539052,4.77267883,0.565400708,39,85,46867,55,74,62,42,78,969,4
89,Bihar,Lakhisarai,25.29583506,83.44246251,17.7096718,7.599326837,5.032693086,0.302024634,36,80,40177,58,82,66,48,69,1151,2
90,Bihar,Madhepura,24.87368742,83.97991431,14.93795596,8.688075857,3.049763487,0.364323221,39,83,49262,62,73,60,56,67,1174,3
91,Bihar,Madhubani,25.83555868,83.22613644,15.22732829,11.71454852,4.536279175,0.519493516,32,89,44561,63,77,69,56,87,1263,4
92,Bihar,Munger,24.41848158,84.62665165,14.27541018,8.61601466,3.679487326,0.576758079,31,85,43932,61,76,67,59,75,1081,3
93,Bihar,Muzaffarpur,24.87643395,84.94338645,10.25419127,9.593953109,4.935518371,0.560784504,38,94,43308,54,71,72,55,75,1066,2
94,Bihar,Nalanda,25.09908553,84.35674516,11.07891427,10.51509479,3.523099287,0.389707724,37,85,40949,64,70,69,52,82,990,2
95,Bihar,Nawada,25.36820995,87.14368755,10.31429186,8.818148012,5.072813214,0.584871689,42,90,37838,50,81,69,58,79,1101,3
96,Bihar,Patna,26.35552788,84.78376663,16.36410411,11.85891041,4.160206039,0.394899635,41,91,36150,63,80,69,56,76,1245,0
97,Bihar,Purnia,24.59902135,84.40467255,13.14355981,11.81223647,5.810189966,0.430159879,39,84,42560,63,73,73,43,73,918,1
98,Bihar,Rohtas,25.54270332,85.71348042,15.08570691,8.258911479,3.412562832,0.598596562,36,80,36931,63,77,61,51,74,938,0
99,Bihar,Saharsa,25.77724371,83.70462112,19.07566474,9.486242529,4.023199053,0.55985316,38,87,44204,53,81,62,48,76,1025,0
100,Bihar,Samastipur,24.13935124,87.0109849,12.49292229,8.504391549,3.340420564,0.639689364,33,84,36664,54,71,68,58,81,1072,0
101,Bihar,Saran,25.82263456,83.37275322,14.10382923,8.424202472,5.774080855,0.563045157,42,91,36081,61,72,66,51,70,1040,4
102,Bihar,Sheikhpura,24.51157237,87.93443468,17.55551139,7.184434737,5.63201806,0.527323441,33,91,47921,59,81,63,48,71,1141,2
103,Bihar,Sheohar,24.19515478,86.86122385,12.28798165,10.04782167,3.773824883,0.337469907,30,91,35512,59,70,69,46,78,1119,0
104,Bihar,Sitamarhi,26.84665661,83.99357841,10.7697991,9.513395116,4.979952138,0.447086321,37,84,46041,54,70,64,53,77,1025,2
105,Bihar,Siwan,26.8968961,83.02761059,12.89751453,7.257393756,5.451666601,0.406080947,43,86,48407,56,82,61,59,72,957,3
106,Bihar,Supaul,26.42519204,87.07730714,11.61221287,8.393232321,4.665602435,0.397595857,43,83,42805,53,72,72,58,74,1047,1
107,Bihar,Vaishali,24.91384131,86.53428672,19.29697652,11.54132943,4.588951735,0.689204222,41,85,40237,50,80,70,54,73,1216,3
108,Bihar,West Champaran,24.29301634,86.64503584,18.0812038,8.197809453,3.725556873,0.45723909,32,92,35559,63,74,72,55,82,1282,3
109,Chattisgarh,Bastar,20.67830032,83.76212731,15.69081469,8.257212198,4.769867691,0.664188511,202,34,80,39143,59,83,66,48,70,3
110,Chattisgarh,Bilaspur-CG,19.84839952,81.66655623,10.6351183,8.373658985,4.440137901,0.419183781,234,34,93,38644,61,80,68,52,84,3
111,Chattisgarh,Dantewada,22.23424181,82.32465048,10.36821868,8.036138245,4.261607336,0.50944091,195,31,89,39432,56,84,60,57,66,0
112,Chattisgarh,Dhamtari,20.94134192,83.67670621,11.33852119,11.39110334,5.354004792,0.579056749,187,41,92,48337,63,81,66,54,88,4
113,Chattisgarh,Durg,20.14697373,80.33099368,10.13671965,10.78499566,4.918084071,0.61858871,183,39,90,48568,57,82,65,43,77,4
114,Chattisgarh,Janjgir,20.32968962,83.50664594,10.7535906,7.234482339,5.415134003,0.483738723,183,42,88,45247,51,71,69,54,70,4
115,Chattisgarh,Jashpur,20.80172548,82.20635149,16.91714397,8.34336241,5.709453176,0.636836566,235,35,89,47912,62,79,73,41,69,4
116,Chattisgarh,Kanker,20.29974931,80.65933704,15.34346275,7.11092371,4.851791136,0.607567097,204,34,88,49178,59,75,71,54,89,0
117,Chattisgarh,Kawardha (Kabir Dham),21.26620423,81.64502047,17.49910749,9.490825933,5.941388175,0.326494391,246,35,94,36276,63,72,68,47,65,3
118,Chattisgarh,Korba,19.16157976,83.11040913,19.13165752,9.381053484,4.824263549,0.318344507,246,30,88,40811,60,72,60,47,85,3
119,Chattisgarh,Koriya,20.39881754,81.92148033,15.85149532,11.15685745,4.909932965,0.548322274,206,34,85,45958,57,84,72,56,86,0
120,Chattisgarh,Mahasamund,21.0560336,83.9411442,17.26120844,8.538886199,4.664446826,0.438965363,211,38,94,35302,52,78,63,51,85,3
121,Chattisgarh,Raigarh-CG,22.01390941,81.50695588,17.57081202,11.08192868,3.273006273,0.383652316,229,41,87,35638,56,76,68,58,70,0
122,Chattisgarh,Raipur,20.35478821,82.9983132,13.77850549,11.83986883,5.179191098,0.531859974,240,39,93,35055,52,74,63,49,70,3
123,Chattisgarh,Rajnandgaon,19.66592563,81.5719578,12.41084832,7.442041117,4.642338921,0.436625284,230,43,90,48013,64,81,69,48,87,4
124,Chattisgarh,Surguja (Ambikapur),19.3810019,83.31665688,12.05045329,10.9590892,4.352731342,0.514905367,198,31,94,43717,56,79,62,44,80,4
125,Delhi,Central Delhi,28.7,77.2,175,7.2,0.4,1.6,33,87,62000,79,91,76,100,160,800,3
126,Delhi,East Delhi,28.6,77.3,190,7.1,0.5,1.5,35,86,60000,80,92,74,100,165,850,3
127,Delhi,New Delhi,28.6,77.2,185,7.3,0.6,1.7,32,88,65000,82,90,75,100,170,900,4
128,Delhi,North Delhi,28.7,77.1,200,7,0.4,1.6,36,89,64000,81,93,77,100,150,750,3
129,Delhi,North East Delhi,28.7,77.3,210,7.5,0.5,1.8,37,85,63000,78,94,78,100,180,950,2
130,Delhi,North West Delhi,28.8,77,205,7.4,0.6,1.7,34,86,62000,79,91,76,100,175,920,2
131,Delhi,Shahdara,28.7,77.3,195,7.1,0.5,1.5,33,87,61000,80,92,74,100,165,860,3
132,Delhi,South Delhi,28.5,77.2,180,7,0.4,1.6,31,90,66000,83,93,77,100,155,880,4
133,Delhi,South East Delhi,28.5,77.3,190,7.2,0.5,1.7,34,89,64000,81,90,76,100,160,890,3
134,Delhi,South West Delhi,28.6,77.1,200,7.3,0.6,1.8,36,86,62000,79,91,74,100,170,810,3
135,Delhi,West Delhi,28.6,77,195,7.1,0.4,1.5,35,87,61000,80,92,75,100,165,840,4
136,Goa,North Goa,15.5,73.8,160,6.2,0.4,1.3,27,92,55000,80,90,75,30,42,2800,4
137,Goa,South Goa,15.2,73.9,170,6.5,0.5,1.4,29,89,54000,81,91,74,28,44,2900,3
138,Dadra Nagar Haveli,Dadra and Nagar Haveli,20.3,73,155,6.3,0.3,1.2,31,88,53000,79,89,72,25,40,2400,3
139,Gujarat,Ahmedabad,23,72.6,105,8,5,0.18,42,88,15500,62,80,72,40,125,1100,4
140,Gujarat,Amreli,21.6,71.2,100,8.5,7,0.2,40,85,14000,60,78,70,35,130,1200,3
141,Gujarat,Anand,22.6,72.9,95,7.5,6,0.12,45,90,14500,58,82,74,45,115,1150,4
142,Gujarat,Banaskantha,24.3,72.2,110,9,5,0.16,43,87,15000,61,80,72,40,120,1300,2
143,Gujarat,Bharuch,21.7,73,100,8.5,8,0.2,44,84,14200,62,84,75,50,125,1350,3
144,Gujarat,Bhavnagar,21.7,72.1,120,9.2,4,0.22,41,88,15200,60,82,74,45,130,1250,4
145,Gujarat,Dahod,22.8,74.3,85,7,9,0.1,46,89,14400,64,78,71,35,110,1200,3
146,Gujarat,Dang,20.8,73.8,90,7.5,6,0.12,42,90,15000,62,80,72,40,115,1150,4
147,Gujarat,Gandhinagar,23.2,72.6,95,9,4,0.14,40,82,14600,60,82,73,50,120,1300,3
148,Gujarat,Godhara,22.8,73.6,115,8.2,7,0.16,44,85,14000,58,78,74,45,125,1350,2
149,Gujarat,Jamnagar,22.5,70.1,105,8.8,3,0.18,43,89,13800,62,84,75,35,130,1250,3
150,Gujarat,Junagadh,21.5,70.4,90,7.5,5,0.12,46,84,14700,60,80,72,40,115,1200,4
151,Gujarat,Kheda,22.7,72.7,85,8,6,0.15,45,83,14300,64,82,73,50,120,1150,2
152,Gujarat,Kutch,23.7,69.8,120,9.5,8,0.18,42,88,13500,58,78,74,45,125,1300,4
153,Gujarat,Mahesana,23.6,72.4,95,8.5,7,0.2,44,85,15000,60,80,75,35,110,1350,3
154,Gujarat,Narmada,21.9,73.6,85,7.8,5,0.16,45,87,14000,62,82,71,40,130,1250,4
155,Gujarat,Navsari,20.9,72.9,80,7.2,4,0.1,43,85,14900,58,80,74,50,125,1200,2
156,Gujarat,Patan,23.9,72.1,110,8,6,0.15,44,88,14500,64,78,75,45,115,1150,4
157,Gujarat,Porbandar,21.6,69.6,95,8.5,7,0.18,46,89,15000,62,84,71,40,120,1300,3
158,Gujarat,Rajkot,22.3,70.8,100,8.2,6,0.2,40,86,14200,60,80,73,35,125,1350,2
159,Gujarat,Sabarkantha,23.4,73,105,9,5,0.22,41,85,14400,58,82,74,45,130,1250,3
160,Gujarat,Surat,21.2,72.8,115,9.2,4,0.18,45,84,13800,64,80,75,50,115,1200,4
161,Gujarat,Surendranagar,22.7,71.7,85,8,7,0.14,43,83,15000,60,78,71,40,120,1150,2
162,Gujarat,Vadodara,22.3,73.2,100,8.5,5,0.2,40,89,14600,62,82,72,50,125,1300,4
163,Gujarat,Valsad,20.6,72.9,105,8,6,0.15,44,85,14000,58,80,75,35,110,1350,3
164,Gujarat,Tapi,21,73.4,90,7.8,5,0.12,42,88,14700,64,78,74,45,130,1250,2
165,Haryana,Ambala,29.8176,76.4083,73,19.55238438,222,30,36,76,18548,78.02,74.26,66.93737094,76.48,81,1361.05,3
166,Haryana,Bhiwani,27.7379,76.542,95,23.74714292,143,35,24,76,12027,63.58,82.38,66.93737094,62.68,76,602.25,4
167,Haryana,Charkhi Dadri,29.4383,76.8427,315,19.53520249,190,8,74,97,13643,63.76,66.31,66.93737094,24.9,87,1180.26,3
168,Haryana,Faridabad,27.3654,76.6153,179,16.48776442,211,21,65,96,9866,71.1,66.54,66.93737094,53.51,126,536.82,0
169,Haryana,Fatehabad,29.6805,75.8535,64,18.77904003,172,35,31,66,22052,76.87,59.94,66.93737094,24.34,116,819.54,2
170,Haryana,Gurugram,27.9772,76.7104,110,7.802873684,81,50,28,60,21053,41.17,51.11,66.93737094,27.45,154,864.95,1
171,Haryana,Hisar,29.3534,75.7621,236,17.33205183,97,45,57,82,18382,48.69,88.06,66.93737094,71.53,94,742.05,4
172,Haryana,Jhajjar,27.3877,77.8091,210,15.2527322,105,38,48,84,14217,79.5,86.52,66.93737094,34.62,178,1433.29,1
173,Haryana,Jind,28.3976,75.2932,154,24.60643768,258,49,39,75,6794,51.97,87.74,66.93737094,78.55,235,849.68,2
174,Haryana,Kaithal,29.0014,76.7229,156,6.009811142,12,9,24,79,8966,43.84,59.49,66.93737094,46.63,150,1216.8,0
175,Haryana,Karnal,29.0146,76.8059,113,6.994032929,27,16,31,71,14051,52.67,83.07,66.93737094,42.69,118,1230.44,4
176,Haryana,Kurukshetra,28.3371,76.2624,332,12.37621604,258,18,42,99,20070,55.64,76.12,66.93737094,47.44,162,959.43,1
177,Haryana,Mahendragarh,28.5095,76.8949,301,9.56538917,127,13,42,96,8536,73.81,66.47,66.93737094,38.12,156,935.83,1
178,Haryana,Nuh,28.697,77.5437,166,24.21279175,253,28,25,88,18989,53.56,89.23,66.93737094,63.95,212,716.25,2
179,Haryana,Palwal,29.369,76.119,390,17.06546565,281,44,28,79,16132,51.07,69.08,66.93737094,26.89,114,515.79,1
180,Haryana,Panchkula,27.054,77.1605,371,17.74381145,154,14,53,60,18661,73.18,59.96,66.93737094,66.16,177,910.2,1
181,Haryana,Panipat,27.3563,77.3158,319,10.04461712,219,20,79,98,22911,59.24,57.31,66.93737094,30.1,74,1155.99,0
182,Haryana,Rewari,28.2259,75.8322,380,13.11957924,89,22,57,71,7175,74.59,87.53,66.93737094,45.83,249,1379.09,0
183,Haryana,Rohtak,27.8112,75.6109,326,6.476800305,80,47,38,78,15632,40.76,88.5,66.93737094,70.74,176,1480.88,2
184,Haryana,Sirsa,29.5888,77.6273,331,8.796251293,91,31,36,80,11701,77.42,63.8,66.93737094,20.69,93,689.77,0
185,Haryana,Sonipat,28.3364,76.4964,64,24.87751909,277,7,66,78,23405,68.46,68.65,66.93737094,58.23,190,965.82,0
186,Haryana,Yamunanagar,28.65,77.1732,331,7.999897501,201,26,73,100,12345,45.69,81.24,66.93737094,51.5,231,769.32,3
187,Himachal Pradesh,Bilaspur,31.4,76.7,150,6.5,0.5,1.5,30,90,50000,75,85,70,20,45,1200,3
188,Himachal Pradesh,Chamba,32.6,76.1,180,5.8,0.3,1.2,32,85,47000,78,83,72,25,50,1400,2
189,Himachal Pradesh,Hamirpur,31.7,76.5,200,7,0.2,1.3,29,87,52000,76,88,75,22,48,1300,3
190,Himachal Pradesh,Kangra,32.1,76.3,140,6.9,0.4,1.4,31,88,51000,80,89,73,23,42,1250,4
191,Himachal Pradesh,Kinnaur,31.9,78.4,130,5.4,0.1,1.1,28,84,48000,74,84,71,24,46,1350,2
192,Himachal Pradesh,Kullu,31.9,77.1,175,6,0.3,1.2,34,86,49000,77,86,74,21,47,1380,3
193,Himachal Pradesh,Lahaul and Spiti,32.5,77.6,160,5.6,0.2,1.3,33,89,50000,79,87,76,22,49,1100,3
194,Himachal Pradesh,Mandi,31.7,76.9,195,6.7,0.5,1.5,35,92,53000,81,91,78,24,44,1320,4
195,Himachal Pradesh,Shimla,31.1,77.2,210,7.2,0.6,1.6,29,91,54000,82,92,77,25,43,1450,4
196,Himachal Pradesh,Sirmaur,30.6,77.3,135,5.9,0.2,1.2,28,83,46000,72,80,69,20,41,1250,2
197,Himachal Pradesh,Solan,30.9,77.1,180,6.1,0.3,1.3,31,86,50000,76,85,72,23,45,1400,3
198,Himachal Pradesh,Una,31.5,76.3,170,6.8,0.4,1.4,30,87,51000,77,87,74,22,46,1420,4
199,Jammu & Kashmir,Anantnag,32.0609,75.5101,378,19.20550865,110,4,56,90,19988,41.24,84.37,66.93737094,35.38,234,1445.83,2
200,Jammu & Kashmir,Bandipora,33.6077,75.0778,148,16.92631987,265,1,40,75,5179,49.52,68.13,66.93737094,23.08,182,1287.06,2
201,Jammu & Kashmir,Baramulla,32.9875,74.2783,231,6.668914311,35,38,64,87,15183,61.82,89.69,66.93737094,61.14,102,620.65,2
202,Jammu & Kashmir,Budgam,33.5416,75.9147,318,13.60746247,123,24,64,78,15557,59.79,81.06,66.93737094,70.66,222,1124.34,4
203,Jammu & Kashmir,Doda,34.6845,75.9869,131,19.35395565,230,14,52,100,8375,66.94,85.99,66.93737094,38.84,52,626.24,3
204,Jammu & Kashmir,Ganderbal,32.533,74.216,331,24.09205375,93,23,62,100,16681,70.13,60.1,66.93737094,28.31,170,666.19,1
205,Jammu & Kashmir,Jammu,33.6435,75.3249,354,12.47775636,194,40,57,89,16264,45.59,65.58,66.93737094,71.28,185,1177.63,4
206,Jammu & Kashmir,Kathua,33.1443,75.249,57,15.71211625,10,23,57,64,5303,71.33,81.77,66.93737094,66.89,102,1224.06,3
207,Jammu & Kashmir,Kishtwar,33.6999,75.2483,107,23.21326445,294,18,26,78,13598,60.2,81.4,66.93737094,65.82,229,585.88,2
208,Jammu & Kashmir,Kulgam,33.2947,75.6936,168,5.255431492,287,11,76,95,16092,43.4,56.85,66.93737094,28.42,250,1186.65,4
209,Jammu & Kashmir,Kupwara,33.4868,74.785,180,11.479293,222,32,21,97,24600,46.21,72.48,66.93737094,70.17,218,1221.85,0
210,Jammu & Kashmir,Poonch,32.6657,74.7937,292,19.42335156,195,22,55,65,21699,66.91,54.13,66.93737094,75.38,104,664.74,1
211,Jammu & Kashmir,Pulwama,34.838,74.7087,67,21.37405447,56,20,62,65,22479,49.85,72.29,66.93737094,58.5,58,1459.53,3
212,Jammu & Kashmir,Rajouri,33.6974,75.9443,213,5.71283139,76,16,41,96,16377,62.5,75.19,66.93737094,61.93,168,1066.17,4
213,Jammu & Kashmir,Ramban,32.5213,74.096,123,17.21557091,265,13,73,79,12315,51.49,73.04,66.93737094,44.16,135,871.77,0
214,Jammu & Kashmir,Reasi,32.0445,74.6412,316,24.46396038,217,46,48,98,24447,56.15,50.62,66.93737094,39.01,82,895.35,4
215,Jammu & Kashmir,Samba,34.0166,74.6975,77,22.14672871,21,30,63,63,15063,73.76,73.47,66.93737094,78.14,160,739.68,0
216,Jammu & Kashmir,Shopian,32.231,74.2667,322,18.07359379,146,41,45,95,16808,40.82,55.24,66.93737094,21.63,98,1241.23,3
217,Jammu & Kashmir,Srinagar,32.1148,75.9623,53,15.62438766,81,15,79,90,22622,68.38,89.45,66.93737094,59.67,121,1392.76,3
218,Jammu & Kashmir,Udhampur,34.131,74.1551,271,6.853680274,106,13,48,67,11411,46.58,57.31,66.93737094,60.95,160,787.19,1
219,Jharkhand,Bokaro,23.7,86.2,110,9,8,0.18,42,88,14500,62,80,72,35,120,1350,3
220,Jharkhand,Chatra,24.2,84.9,100,8.5,9,0.12,40,85,14000,60,78,70,40,125,1300,4
221,Jharkhand,Deogarh,24.5,86.7,105,8,5,0.2,45,90,15500,58,82,74,45,130,1250,3
222,Jharkhand,Dhanbad,23.8,86.4,115,8.2,4,0.16,43,82,15000,61,80,75,40,115,1200,4
223,Jharkhand,Dumka,24.2,87.3,108,9,7,0.12,46,88,14500,62,82,73,35,120,1350,2
224,Jharkhand,East Singhbhum,22.8,86.2,100,8.7,6,0.2,44,87,14000,60,84,72,45,125,1250,3
225,Jharkhand,Garhwa,24.1,83.8,95,8.5,8,0.16,45,84,15000,58,80,74,50,110,1300,4
226,Jharkhand,Giridih,24.5,85.8,90,7.8,7,0.15,46,85,14000,64,78,75,35,120,1350,2
227,Jharkhand,Godda,24.8,87.2,105,8,6,0.2,43,87,14500,62,82,72,40,130,1200,3
228,Jharkhand,Gumla,23,84.5,98,9,5,0.14,42,89,15000,61,84,74,50,115,1250,4
229,Jharkhand,Hazaribagh,23.9,85.4,105,8.5,7,0.18,44,90,15500,60,78,73,45,125,1300,3
230,Jharkhand,Jamtara,23.7,86.9,100,8.2,5,0.2,43,85,14500,64,80,74,35,120,1350,2
231,Jharkhand,Kodarama,24.5,85.6,110,9,6,0.12,45,84,15000,58,84,72,40,115,1250,4
232,Jharkhand,Lathehar,23.8,84.2,115,8,8,0.18,44,83,14000,62,80,75,50,130,1300,3
233,Jharkhand,Lohardaga,23.4,84.7,95,8.2,7,0.14,46,87,14500,64,78,74,45,125,1350,4
234,Jharkhand,Pakur,24.6,87.8,100,9.5,6,0.16,42,89,15000,60,82,73,35,120,1200,2
235,Jharkhand,Palamu,23.6,84.1,105,8.5,5,0.12,43,85,15500,62,84,74,40,115,1250,3
236,Jharkhand,Ranchi,23.3,85.4,115,9.2,7,0.18,44,88,15000,64,80,72,50,125,1300,4
237,Jharkhand,Sahibganj,25.3,87.6,110,8,8,0.14,42,90,14500,58,78,75,35,130,1350,3
238,Jharkhand,Saraikela-Kharsawan,22.7,85.9,95,8.5,7,0.2,46,87,14000,60,82,73,45,115,1200,2
239,Jharkhand,Simdega,22.6,85.9,100,9,5,0.18,44,89,15000,61,84,74,40,125,1250,4
240,Jharkhand,West Singhbhum,22.4,85.4,105,8.5,6,0.16,45,90,14500,58,80,72,35,120,1350,3
241,Madhya Pradesh,Bhopal,21.8041,76.0633,218,7.58,14,3.84,29,67.14,176678,43.27,1,64.03,48.06,121,871,0
242,Madhya Pradesh,Indore,21.1727,77.6427,150,6.71,92,4.4,31,86.11,124532,55.76,0.62,69.62,72.49,109,1073,1
243,Madhya Pradesh,Gwalior,25.5308,79.0342,55,11.69,87,1.78,37,69.53,131994,66.97,0.97,81.23,34.04,223,2813,3
244,Madhya Pradesh,Jabalpur,24.7219,80.9039,229,14.29,35,4.12,49,63.98,106133,79.54,0.82,57.39,64.93,266,2143,1
245,Madhya Pradesh,Ujjain,25.2245,74.3931,75,10.57,71,0.64,16,69.73,111268,55.94,0.8,73.9,50.75,194,1137,3
246,Madhya Pradesh,Sagar,22.2778,81.9941,113,10.72,13,4.25,10,88.89,81653,71.29,0.76,68.29,67.25,142,2189,3
247,Madhya Pradesh,Dewas,21.8182,80.279,275,7.8,98,0.72,41,94.23,171829,84.3,0.62,53.35,32.74,102,1406,2
248,Madhya Pradesh,Satna,21.0873,74.8176,236,12.69,51,2.05,22,93.21,178377,70.79,0.59,83.93,82.29,57,965,2
249,Madhya Pradesh,Ratlam,23.1035,82.7358,233,6.87,98,4.01,39,75.89,51622,51.65,0.61,79.87,88.41,128,2367,3
250,Madhya Pradesh,Rewa,24.5395,83.2087,108,8.24,27,0.83,32,86.72,98756,41.22,0.59,72.92,88.13,76,2858,3
251,Madhya Pradesh,Murena,23.3535,74.6108,158,9.25,49,1.22,28,68.2,90809,83.5,0.89,82.53,74.98,223,2124,1
252,Madhya Pradesh,Khandwa,23.6248,76.7688,247,10.08,81,3.64,41,71.73,66725,41.06,0.68,83.36,37.81,99,1528,1
253,Madhya Pradesh,Chhindwara,26.425,82.062,278,7.42,48,3.63,39,95.85,101226,83.74,0.53,75.42,75.5,293,2843,2
254,Madhya Pradesh,Vidisha,23.0895,81.4826,170,6.15,23,3.24,38,60.52,131182,66.45,0.98,81.85,31.48,248,901,0
255,Madhya Pradesh,Shivpuri,24.0839,75.8452,82,11.11,41,3.5,38,63.42,79402,86.95,0.94,74.87,31.33,180,2215,3
256,Madhya Pradesh,Damoh,25.7019,76.0935,230,7.89,60,2.76,39,68.32,54263,79.94,0.96,74.01,49.42,142,1578,1
257,Madhya Pradesh,Mandsaur,23.3793,77.7047,199,10.81,47,1.33,25,61.06,97924,89.9,1,70.93,59.32,241,1013,2
258,Madhya Pradesh,Hoshangabad,24.7325,78.8452,70,6.54,32,1.79,49,67.26,124182,57.54,0.59,77.64,76.22,221,1911,1
259,Madhya Pradesh,Betul,26.1742,80.1825,247,9.81,72,0.99,28,83.32,192736,78.36,0.7,47.93,71,230,2376,3
260,Madhya Pradesh,Sehore,26.6971,77.6891,119,10.33,24,4.55,27,76.86,85737,60.1,0.88,84.04,56.75,73,2495,3
261,Madhya Pradesh,Chhatarpur,21.8824,78.6253,296,5.52,34,2.96,10,95.71,151332,63.99,0.85,83.59,46.42,109,1391,4
262,Madhya Pradesh,Datia,26.5595,81.4747,161,8.37,26,2.06,23,92.7,139563,71.38,0.58,41.46,89.83,171,2133,0
263,Madhya Pradesh,Seoni,23.9527,74.3668,53,6.34,75,2.36,11,73.67,178575,83.68,0.91,81.29,55.57,180,1909,4
264,Madhya Pradesh,Balaghat,22.5495,76.5244,143,5.63,87,4.74,37,70.38,151371,89.2,0.61,46.44,57.08,197,2939,2
265,Madhya Pradesh,Panna,23.7548,81.1335,124,14.9,62,0.85,39,75.19,88709,78.41,0.61,56.76,39.82,95,1513,1
266,Madhya Pradesh,Neemuch,26.8802,82.9521,239,8.22,60,2.97,47,83.61,71172,60.89,0.77,77.18,77.69,64,1735,2
267,Madhya Pradesh,Shajapur,23.9557,79.1168,111,13.1,48,2.58,13,70.72,61555,61.07,0.8,48.04,71.62,202,2751,3
268,Madhya Pradesh,Tikamgarh,22.9725,79.3211,143,7.55,60,3.1,10,84.97,103276,76.88,0.79,80.9,43.25,271,1041,4
269,Madhya Pradesh,Raisen,24.8004,75.0717,144,11.82,79,0.19,17,76.38,107492,51.94,0.55,81.61,34.94,255,2843,4
270,Madhya Pradesh,Rajgarh,22.4409,78.4741,201,12.6,15,4.37,38,82.08,139599,45.52,0.94,65.37,70.83,248,801,4
271,Madhya Pradesh,Sidhi,21.4552,79.3262,104,10.96,76,4.67,48,77.45,61046,57.73,0.63,40.32,69.27,66,2568,2
272,Madhya Pradesh,Narsinghpur,21.7733,76.4247,186,9.72,16,2.87,12,71.78,166021,54.36,0.56,54.35,46.4,175,2749,3
273,Madhya Pradesh,Khargone,21.7683,76.6924,296,9.12,60,3.51,41,97.94,54853,54.82,0.94,70.85,87.05,285,2963,1
274,Madhya Pradesh,Barwani,21.9114,77.7728,180,8.49,81,4.62,19,90.54,170900,51.68,0.98,89.06,39.06,133,1717,1
275,Madhya Pradesh,Dhar,21.833,74.2007,292,14.3,51,3.57,19,65.6,109129,42.1,0.93,71.59,55.94,277,889,2
276,Madhya Pradesh,Bhind,24.8452,77.2208,80,13.31,73,0.85,28,94.74,164130,40.89,0.9,52.99,86.62,58,2509,4
277,Madhya Pradesh,Umaria,22.0913,76.1145,89,14.65,24,2.92,43,79.5,196922,89.39,0.83,71.7,55.18,215,2969,0
278,Madhya Pradesh,Jhabua,23.074,77.275,278,6.24,38,3.07,42,95.78,193184,61.39,0.78,67,68.31,225,942,2
279,Madhya Pradesh,Mandla,26.3807,75.1976,85,12.31,42,2.18,32,91.99,171789,59.22,0.54,78.99,53.86,298,905,2
280,Madhya Pradesh,Katni,23.8438,82.9053,201,14.38,36,3.71,37,77.01,88890,73.98,0.7,45.35,46.45,237,1686,3
281,Madhya Pradesh,Dindori,25.0053,79.9359,272,6.81,45,4.68,41,60.9,116017,50.91,0.69,78.05,89.04,112,1227,1
282,Madhya Pradesh,Harda,22.0339,80.791,55,5.66,38,4.64,16,70.75,182596,87.5,0.63,67.06,54.56,263,2128,2
283,Madhya Pradesh,Ashoknagar,22.1537,81.8917,115,12.41,47,2.31,38,81.67,150424,79.32,0.86,88.15,83.65,295,2695,2
284,Madhya Pradesh,Anuppur,21.2452,78.9844,261,10.74,66,0.65,17,85.34,65048,44.47,0.75,57.09,43.8,294,2794,4
285,Madhya Pradesh,Burhanpur,22.0136,74.8692,269,13.42,36,4.93,10,70.32,104912,60.88,0.54,71.63,42.79,166,1116,4
286,Madhya Pradesh,Alirajpur,22.6715,79.3711,124,6.4,64,4.21,12,65.57,84008,83.96,0.61,86.6,31.87,179,2786,0
287,Madhya Pradesh,Singrauli,22.0621,79.8684,53,12.95,42,0.71,33,93.4,181132,87.24,0.84,45.13,69.1,137,1434,3
288,Madhya Pradesh,Agar Malwa,21.5322,81.4544,128,7.02,77,4.61,32,99.38,133559,63.37,0.54,86.86,52.11,121,2725,0
289,Madhya Pradesh,Sheopur,21.7238,78.3166,183,6.64,95,4.36,17,81.03,105337,70.67,0.93,74.39,81.86,188,2856,4
290,Madhya Pradesh,Niwari,23.7647,75.2758,167,6.64,75,2.64,46,66.87,160616,48.35,0.75,43.39,58.39,113,2239,1
291,Maharashtra,Mumbai,20.11784696,78.76898449,146,7.270761031,6.850462673,1.300636399,44,96.13515872,58046.48555,71.19449649,66.91635835,66.93737094,59.67644809,172,2178.536572,1
292,Maharashtra,Pune,17.08192031,72.88213163,62,7.097861077,2.834207883,1.215638586,38,60.37832787,58046.48555,58.03461308,76.3789342,66.93737094,30.95032022,110,934.7644262,1
293,Maharashtra,Nagpur,16.34281141,74.50620721,60,13.72911098,5.372010391,0.497107171,32,74.67167471,58046.48555,61.63524207,75.91143146,66.93737094,52.13129571,134,2720.386171,3
294,Maharashtra,Thane,20.91247622,72.41238236,81,7.863105843,5.267000822,0.887528322,29,65.46650042,58046.48555,59.38014612,99.67169519,66.93737094,59.34801479,89,1309.703389,3
295,Maharashtra,Nashik,19.09829347,75.13910611,85,3.040725323,4.86517157,0.893122591,33,99.76975846,58046.48555,58.21630901,96.20328897,66.93737094,45.33176449,119,629.3382724,4
296,Maharashtra,Aurangabad,17.5703389,77.93838768,175,12.69465531,3.998152501,0.624665267,55,99.03969994,58046.48555,72.8286612,65.89613405,66.93737094,84.45260491,143,2402.655979,4
297,Maharashtra,Solapur,20.36465081,78.30334711,136,4.451940844,1.400728484,1.051576685,23,67.72959863,58046.48555,81.5814038,81.81526377,66.93737094,56.23915262,80,2563.841278,3
298,Maharashtra,Kolhapur,18.31082182,78.20958888,142,6.756147281,6.00064224,0.261917712,56,80.59858597,58046.48555,50.66076026,78.35841888,66.93737094,34.10161159,103,1283.815332,4
299,Maharashtra,Amravati,18.10269998,77.64198128,61,9.376925661,7.804563066,1.499215927,44,87.19215037,58046.48555,57.92999018,98.80488106,66.93737094,55.75294616,152,2461.049452,3
300,Maharashtra,Jalgaon,17.07309507,79.9618605,185,7.163848113,3.218426681,0.615233232,51,80.49747525,58046.48555,81.24317937,77.33045749,66.93737094,72.94238435,158,2432.022933,2
301,Maharashtra,Akola,20.84524235,73.83397444,189,7.685883131,4.944383905,0.224307825,57,64.3122045,58046.48555,84.28962894,86.15569554,66.93737094,58.21349281,96,2765.462505,0
302,Maharashtra,Sangli,18.44691241,72.96038687,61,14.97249236,2.964878419,0.688724154,24,66.25937643,58046.48555,59.42445474,98.72232851,66.93737094,72.39125319,73,2270.964051,4
303,Maharashtra,Ahmednagar,17.46329561,79.11130975,102,9.664902016,6.600358556,0.829657784,23,67.11282495,58046.48555,56.95284811,93.87422337,66.93737094,52.88219897,57,2895.391503,2
304,Maharashtra,Nanded,16.00668181,79.96642425,89,6.765927678,2.753918005,0.590691753,36,91.3006081,58046.48555,88.20684256,69.04940297,66.93737094,37.86534569,79,1643.975911,0
305,Maharashtra,Ratnagiri,16.5657772,76.35167823,159,7.174483084,1.968377499,1.046001781,25,90.70114786,58046.48555,72.49722498,88.28449459,66.93737094,30.28614085,72,2351.857647,2
306,Maharashtra,Latur,20.27179466,79.37583958,134,6.373491006,6.236695738,0.55885045,49,92.89207467,58046.48555,81.28360861,95.43857865,66.93737094,51.27436113,190,1043.182025,4
307,Maharashtra,Chandrapur,16.47766383,78.91027664,174,14.46138494,9.67238107,1.457685674,58,80.99390561,58046.48555,53.5183914,98.43096498,66.93737094,84.80043208,97,1297.206177,3
308,Maharashtra,Wardha,17.62615018,78.02785017,189,7.752209052,6.602052661,0.97439282,30,95.16693923,58046.48555,63.32999966,82.41022823,66.93737094,64.9725604,149,1809.515794,0
309,Maharashtra,Satara,17.30761942,75.55614098,145,8.957116767,3.535294367,1.347298602,31,83.42374209,58046.48555,68.31392745,71.56892033,66.93737094,73.91682016,179,1036.441525,1
310,Maharashtra,Gondia,19.52465511,79.10727728,120,8.788576218,1.313838705,0.983447937,31,72.12608789,58046.48555,68.68520479,72.02781882,66.93737094,60.59237526,194,2284.315064,1
311,Maharashtra,Osmanabad,16.26060666,77.23146757,172,4.185720734,9.559297819,1.054501855,51,83.61590082,58046.48555,63.97617104,66.05397758,66.93737094,87.73362107,61,2081.579556,3
312,Maharashtra,Beed,20.36895099,77.6435284,195,3.866537483,4.283790461,0.290232289,45,74.59194377,58046.48555,58.58650168,66.4807881,66.93737094,50.78428227,50,2777.436056,4
313,Maharashtra,Raigad,19.86671442,73.13756944,87,5.089753113,2.28460062,0.208857847,48,86.51930414,58046.48555,70.12897066,94.18940975,66.93737094,52.04908909,191,1319.694725,2
314,Maharashtra,Parbhani,20.06707032,75.05015632,87,8.438740094,4.584344607,0.574594485,52,79.21110994,58046.48555,67.104782,99.72709253,66.93737094,74.22911688,111,2785.721722,0
315,Maharashtra,Jalna,17.41545407,72.20980048,84,3.974977419,6.663385185,0.600453623,22,83.46383257,58046.48555,75.05616452,76.58775098,66.93737094,81.01348289,93,1979.077542,1
316,Maharashtra,Sindhudurg,18.20848219,77.72351263,98,12.41439598,2.969610726,1.10994799,22,85.37536112,58046.48555,80.25978769,61.51519952,66.93737094,58.58166266,151,1706.942573,2
317,Maharashtra,Gadchiroli,18.99344606,76.57293137,105,13.68469985,5.460274684,1.292540091,30,90.94357366,58046.48555,73.41493798,97.63735651,66.93737094,87.81877653,127,2640.01526,3
318,Maharashtra,Buldhana,17.00384346,75.74759601,57,7.876059662,6.002260456,0.918875588,52,83.8303142,58046.48555,53.40293724,95.83748501,66.93737094,72.97577892,116,1175.170533,3
319,Maharashtra,Washim,17.91927437,72.78981907,90,13.99963167,8.185629303,0.908162771,36,81.01025239,58046.48555,72.98915285,70.77097612,66.93737094,60.77635194,54,1392.231785,0
320,Maharashtra,Hingoli,18.61815436,76.3917813,117,14.61195769,3.668272413,1.202961379,23,72.28510522,58046.48555,65.56286745,99.06331866,66.93737094,87.38159115,176,1125.016601,3
321,Manipur,Bishnupur,24.63,93.78,150,8.5,12,0.8,28,85,30000,50,72,65,30,45,1400,3
322,Manipur,Chandel,24.33,94.04,175,9.2,14,0.9,32,80,32000,52,75,67,35,50,1500,2
323,Manipur,Churachandpur,24.33,93.68,160,7.8,10,0.7,30,82,28000,48,70,63,32,42,1350,3
324,Manipur,Imphal East,24.82,93.94,145,8,9,0.6,29,88,29000,49,74,66,40,48,1420,4
325,Manipur,Imphal West,24.8,93.94,130,9.1,8,0.5,26,90,31000,51,78,70,45,55,1450,4
326,Manipur,Jiribam,24.67,93.12,180,7.5,13,0.9,33,75,25000,47,68,60,25,60,1250,2
327,Manipur,Kakching,24.57,93.98,155,8.6,15,0.8,31,86,32000,50,73,68,38,46,1380,3
328,Manipur,Kamjong,24.6,94.52,140,9.3,12,1,28,79,27000,48,71,64,33,53,1470,2
329,Manipur,Kangpokpi,25.25,93.98,135,7.6,10,0.6,30,82,31000,51,74,66,36,44,1300,4
330,Manipur,Noney,24.87,93.65,165,9,11,0.7,27,85,30000,50,72,65,34,49,1350,3
331,Manipur,Pherzawl,24.27,93.09,170,8.7,14,1,32,80,29000,49,70,63,30,52,1550,3
332,Manipur,Senapati,25.26,94.04,120,8.8,9,0.6,29,88,31000,51,77,69,42,43,1400,4
333,Manipur,Tamenglong,24.97,93.53,150,7.9,13,0.7,30,83,30000,50,75,67,37,47,1370,3
334,Manipur,Tengnoupal,24.55,94.27,145,8.2,12,0.8,31,80,32000,52,71,64,31,50,1500,3
335,Manipur,Thoubal,24.64,94.07,155,8.5,10,0.6,28,86,29000,49,73,68,39,44,1450,4
336,Manipur,Ukhrul,25.12,94.36,125,9,11,0.9,29,78,31000,51,75,66,32,48,1400,2
337,Meghalaya,East Garo Hills,25.0907,91.5143,142,5.403669613,0.225233031,0.486580317,18,84.05308779,51880,87.34289943,77.12942143,88.23723406,29.64498546,47,3998.335109,2
338,Meghalaya,West Garo Hills,26.0258,91.4186,109,6.960649449,1.938058354,0.637499471,48,77.55400761,84911,80.38380286,76.55877476,53.28158357,46.39094436,19,2295.790158,2
339,Meghalaya,South Garo Hills,26.4286,91.5117,100,14.27212114,3.151052548,0.508038546,23,78.97021613,52713,61.61885162,75.75444072,76.67161349,28.46631515,10,2798.164409,0
340,Meghalaya,East Khasi Hills,25.5099,91.0369,176,6.847283701,0.710715977,0.146061108,40,92.63223361,49959,85.90359401,47.60567614,92.99681676,49.30685547,22,4730.110429,4
341,Meghalaya,West Khasi Hills,25.8656,91.5862,179,12.95298845,3.598511904,0.385944524,34,71.01023142,79594,64.13572517,80.85497958,75.41310328,17.07471963,23,2822.236924,1
342,Meghalaya,Jaintia Hills,25.5416,92.4119,105,12.06634813,3.308880385,0.843019264,25,91.81668859,29958,60.87678969,82.68594007,89.80656219,30.95895853,37,3374.516653,2
343,Meghalaya,Ri-Bhoi,26.0346,91.9102,101,9.089268121,4.739835392,0.663387061,10,79.90810037,62095,64.67092782,73.73027268,78.81545407,34.55411076,36,2435.343957,2
344,Meghalaya,South West Garo Hills,26.4226,91.4451,147,7.504409153,1.375642813,0.604697106,22,75.1085932,97016,76.35535955,74.73061327,84.41861926,38.85808121,12,2268.053043,0
345,Meghalaya,North Garo Hills,25.6437,92.2762,83,7.412962994,0.462037842,0.402659551,43,77.42788268,80573,75.22058593,79.88266361,51.60025048,43.64336721,15,3641.768729,3
346,Meghalaya,South West Khasi Hills,25.8458,90.3268,78,10.62259997,3.067692811,0.307553552,37,70.33006318,64810,64.74101323,83.17542855,91.03003837,45.83482432,38,2949.860167,1
347,Mizoram,Aizawl West,25.7135,94.1993,278,11.69,46,4.35,35,90.49,127576,82.97,0.68,51.51,45.89,151,1432,4
348,Mizoram,Aizawl East,24.1275,92.3947,54,6.46,29,2.33,37,91.91,157522,79.99,0.95,50.31,68.72,258,2902,3
349,Mizoram,Champhai,23.7297,94.1475,242,9.49,35,2.63,11,77.42,72612,49.23,0.88,71.9,65.75,84,1456,3
350,Mizoram,Kolasib,23.8552,94.7271,217,10.88,38,2.5,15,92.71,56471,54.76,0.78,52.84,54.07,147,2223,1
351,Mizoram,Lawngtlai,26.9382,92.539,253,14.49,10,3.37,18,64.81,81348,79.67,0.63,71.6,52.02,264,2731,4
352,Mizoram,Lunglei,22.2005,92.7126,233,7.53,44,0.78,42,81.78,51177,49.26,0.65,42.92,50.61,79,2479,3
353,Mizoram,Mamit,26.3352,94.9142,213,8.59,79,0.25,34,60.23,185832,85.89,0.87,47.09,67.03,165,1036,0
354,Mizoram,Saiha,24.8934,92.5429,94,8.79,68,1.61,22,72.98,82779,61.23,0.93,53.73,56.54,57,1147,1
355,Mizoram,Serchhip,24.1931,94.5632,200,11.06,78,3.55,18,74.66,71636,44.35,0.84,69.85,79.91,199,1429,4
356,Nagaland,Dimapur,25.6263,93.4768,96,8.57,42,1.09,22,75.85,131889,80.79,0.9,73.79,70.18,93,2340,1
357,Nagaland,Kiphire,24.4333,92.7417,80,10.34,60,3.4,40,87.82,103551,58.68,0.88,62.14,34.2,235,2803,0
358,Nagaland,Kohima,26.3671,94.6122,188,12.82,87,4.85,20,75.54,192628,66.32,0.57,62.29,68.41,85,2071,4
359,Nagaland,Longleng,26.5035,93.3359,59,12.05,21,0.56,13,77.95,192635,45.62,0.71,76.23,46.27,246,1163,1
360,Nagaland,Mokokchung,24.1086,93.5445,244,9.46,29,3.4,43,69.5,96819,40.13,0.58,40.79,65.57,126,1085,2
361,Nagaland,Mon,23.3841,93.0777,167,13.64,62,2.27,47,74.93,123770,71.9,0.62,57.05,70.81,270,948,0
362,Nagaland,Peren,24.9618,93.7789,63,10.58,97,4.35,13,69.09,128714,65.76,0.93,80.94,43.85,80,1907,0
363,Nagaland,Phek,26.5618,92.4906,129,10.4,52,0.97,47,62.93,74596,69.68,0.74,70.16,57.41,96,1255,0
364,Nagaland,Tuensang,23.0533,93.1732,251,5.34,98,3.49,28,84.14,114106,79.69,0.77,56.86,41.42,298,2566,2
365,Nagaland,Wokha,25.1148,94.9082,142,14.87,59,4.21,15,86.73,109182,72.33,0.59,85.28,33.14,104,1599,2
366,Nagaland,Zunheboto,25.1578,92.7744,59,6.23,38,4.73,43,84.78,137163,48.74,0.66,78.63,52.71,257,1984,3
367,Orissa,Angul,19.8391,86.593,264,6.31,77,3.22,41,90.2,105147,66.01,0.53,61.44,40.98,98,2913,4
368,Orissa,Balangir,21.8272,86.3173,132,13.87,43,3.11,40,78.42,141396,58.67,0.93,82.24,31.32,241,2583,3
369,Orissa,Baleshwar,21.62,84.2701,186,9.5,61,0.43,25,93.68,88787,46.12,0.61,53.41,73.2,81,2077,2
370,Orissa,Bargarh,19.4853,86.8112,148,6.95,91,2.64,41,89.14,71727,76.78,0.69,47.82,55.08,184,2791,4
371,Orissa,Baudh,21.3588,86.3008,198,8.68,61,0.84,41,91.06,145081,51.79,0.73,82.65,35.33,70,1867,3
372,Orissa,Bhadrak,20.7238,85.6652,122,9.14,38,3.71,43,86.25,172721,58.57,0.74,42.33,71.03,69,2377,2
373,Orissa,Cuttack,20.6997,83.487,205,13.28,47,2.61,20,67.1,118056,43.13,0.72,70.98,62.71,203,1811,0
374,Orissa,Debagarh,20.1731,84.9129,239,12.34,51,3.43,19,81.8,184153,80.07,0.97,68.1,88.83,176,1573,3
375,Orissa,Dhenkanal,20.5035,85.0244,287,12.69,30,0.3,24,99.39,130102,78.33,0.85,57.3,43.64,117,2614,2
376,Orissa,Gajapati,20.1915,83.9302,164,5.11,51,0.52,26,97.5,126865,76.68,0.82,55.76,54.24,159,2001,0
377,Orissa,Ganjam,20.6192,83.3199,56,9.16,22,3.61,49,61.73,117695,54.97,0.52,78.59,62.55,165,2250,4
378,Orissa,Jagatsinghpur,20.8839,86.1069,129,9.81,73,0.45,27,66.59,167235,48.67,0.95,44.32,77.5,263,1106,4
379,Orissa,Jajpur,21.0229,83.4881,193,5.19,26,0.45,18,65.27,158777,71.88,0.95,51.84,62.93,192,1578,4
380,Orissa,Jharsuguda,20.5974,85.3772,146,7.6,18,0.16,34,89.04,69033,64.81,0.89,76.62,66.77,169,807,4
381,Orissa,Kalahandi,21.1643,86.7458,53,12.6,50,4.79,49,92.71,191877,48.91,0.5,67.42,43.57,281,1275,1
382,Orissa,Kandhamal,19.4238,86.5044,53,6.37,10,3.71,23,68.54,76832,74.3,0.53,46.4,80.82,262,2120,3
383,Orissa,Kendrapara,19.6359,84.111,152,10.35,11,1.83,34,80.23,165725,89.56,0.61,84.11,55.72,128,1284,3
384,Orissa,Keonjhar,21.4562,86.4058,89,7.15,69,1.55,31,93.63,195016,77.36,0.57,59.67,38.46,263,1704,1
385,Orissa,Khorda,19.9676,83.0013,66,5.12,57,1.81,39,89.31,69873,77,0.7,81.39,69.85,165,1358,2
386,Orissa,Koraput,19.0687,83.0708,150,7.41,38,3.9,29,81.69,90372,87.52,0.96,79.39,42.97,141,2767,2
387,Orissa,Malkangiri,19.4614,85.4102,152,14.76,19,3.34,30,83.61,139464,50.15,0.74,71.22,35.85,63,1927,4
388,Orissa,Mayurbhanj,19.6708,84.4592,173,13.02,67,1.01,41,80.33,196451,68.28,0.51,64.72,81.72,204,2033,0
389,Orissa,Nabarangapur,21.872,84.5458,101,14.6,69,0.95,30,71.9,167322,88.98,0.64,88.98,57.61,174,1267,2
390,Orissa,Nayagarh,20.7191,85.2578,270,9.88,30,0.58,44,82.6,150082,48.26,0.52,47.25,74.96,282,1647,0
391,Orissa,Nuapada,21.7982,83.7671,101,6.1,37,3.34,41,87.56,55110,75.01,0.52,76.26,47.44,217,1058,3
392,Orissa,Puri,20.7255,83.847,213,10.48,84,3.85,39,94.93,62087,69.29,0.64,49.56,77.22,107,1082,0
393,Orissa,Rayagada,20.4381,84.9384,173,9.54,43,1.4,48,85.45,132617,69.32,0.64,56.91,36.72,77,2449,3
394,Orissa,Sambalpur,19.9412,86.017,215,13.44,17,0.2,21,90.44,150483,74.88,0.89,55.43,51.36,75,2698,1
395,Orissa,Sonapur / Subarnapur,20.8191,85.478,280,5.98,68,0.5,27,66.4,59596,86.48,0.99,87.35,88.68,162,839,1
396,Orissa,Sundargarh,19.4176,84.1894,227,9.88,95,4.84,30,78.46,157539,79.13,0.69,88.37,77.64,240,1814,4
397,Pondicherry,Pondicherry,30.06809029,76.52665661,480,7.480999623,491,2.564189274,36,76.13525962,129696,63.55352696,86.76495214,69.1496444,76.37564122,195,829.4683544,0
398,Punjab,Amritsar,30.55149134,75.55922302,838,5.093485315,183,1.526940106,48,70.68669305,137325,70.50405195,62.16879335,55.66350178,67.05145479,104,1203.014123,1
399,Punjab,Bathinda,32.19308002,76.39422031,316,10.89218362,212,3.087437141,22,83.35326852,88803,56.57239008,73.26418512,53.91954421,77.49176117,173,1232.139412,0
400,Punjab,Barnala,30.11053201,75.03269382,601,11.53991089,383,2.637673534,10,79.49046785,92896,66.82135713,68.01787614,70.36748126,64.180629,176,1452.623774,1
401,Punjab,Faridkot,29.6835941,76.86543128,423,10.19648334,499,3.687340808,10,81.13953617,56002,63.35085709,73.98261903,87.30137749,41.12786283,104,1224.057725,1
402,Punjab,Fatehgarh Sahib,31.3000405,76.86472737,654,9.67510646,224,4.916002447,24,76.91625839,137902,60.68960137,67.13850485,64.31594951,42.41685613,119,1474.908749,2
403,Punjab,Firozpur,31.21689597,76.64292198,908,12.76143087,104,0.644292468,16,72.35234036,130617,48.32708126,84.46264362,83.54125881,43.26058114,161,1001.016127,0
404,Punjab,Gurdaspur,30.88583127,77.18943839,818,6.28457057,224,4.313486176,18,71.32914703,101826,57.26471579,73.23632777,69.51925228,78.43785379,72,1316.934487,0
405,Punjab,Hoshiarpur,32.19819618,74.86909027,629,6.265148564,393,2.480093014,42,83.78066062,64593,48.0983937,61.30753824,55.90969663,55.58919396,156,1225.676235,2
406,Punjab,Jalandhar,30.72458615,75.44100439,488,5.453844944,253,3.574033663,30,72.46381934,163781,76.65798697,67.99535596,53.69128057,45.52150611,187,1089.699145,0
407,Punjab,Kapurthala,30.18640207,75.46687163,360,5.725871684,196,2.022084463,19,62.3675216,136315,55.6094707,81.17122571,75.28963915,39.12803875,59,1220.236501,4
408,Punjab,Ludhiana,29.60704256,75.33518809,220,13.50869921,287,1.030737728,34,73.92474425,117497,65.37052057,80.47350885,82.36161139,67.40069471,179,1162.18237,4
409,Punjab,Mansa,32.4844515,75.12566921,788,12.1280593,138,3.418869887,36,60.30065144,164005,75.86035759,60.31437338,82.03728885,38.12752804,57,1146.219272,2
410,Punjab,Moga,31.05718971,75.59521669,422,10.08195644,282,1.568673249,38,60.04371342,50322,40.81160401,69.65752064,70.63103116,76.80027663,84,1183.62849,2
411,Punjab,Mohali/SASNagar,29.94855608,76.35340421,373,10.73763803,290,1.489453379,37,87.11274282,66280,54.16240495,76.04770601,71.35450461,78.6063514,121,1456.914616,0
412,Punjab,Mukatsar,31.65461536,75.24092725,937,7.015653427,275,1.668315968,19,76.45212295,155469,47.44073736,75.3764968,73.90917518,36.98865362,123,958.8017569,4
413,Punjab,Nawanshahr,31.04599951,74.73644719,273,8.365668371,459,3.020340962,30,94.3854016,101088,54.25423394,82.95819859,70.75776626,58.79636628,164,1165.162902,0
414,Punjab,Patiala,31.72936588,74.83063636,271,7.362179373,204,3.151736008,33,68.54902005,77474,40.67574191,70.87337992,55.73887256,39.55817122,59,1247.990569,4
415,Punjab,Rupnagar/Ropar,30.67576511,75.72099289,596,14.8078823,381,4.422207826,18,81.51691522,106013,53.3912007,79.03499159,70.48634766,52.54523276,179,1025.962141,2
416,Punjab,Sangrur,29.94545465,75.97261997,314,9.611572287,277,0.927230137,31,88.14921784,181054,69.32886254,87.198842,55.64359955,53.19677251,175,810.1582181,4
417,Punjab,Tarn Taran,29.63218679,74.69177898,519,12.77268809,499,1.526008894,40,71.43184842,86799,48.43265136,67.72344128,85.12262645,71.68237019,99,1239.069842,0
418,Daman & Diu,Daman,20.3974,72.8328,120,15.4,25,4,0.012,85,58046.48555,76.5,89.2,75,92.5,45,1900,3
419,Daman & Diu,Diu,20.7144,71.0041,95,12.8,18,6,0.014,88.5,58046.48555,74.3,86.5,72,90,40,1700,3
420,Lakshadweep,Lakshadweep,10.328,72.7846,80,10.2,12,2,0.011,90.2,58046.48555,65,81,70,85,38,2500,2
421,Rajastan,Ajmer,26.63759894,74.12719166,893,12.68185805,132,3.935589155,27,63.96227417,119861,56.62694774,86.17202239,64.56752418,50.29656575,193,307.1383905,1
422,Rajastan,Alwar,26.48124948,76.25610002,377,11.52538389,363,0.67063834,34,68.37992954,149591,48.27447991,88.63796143,50.18725348,34.37589008,87,666.8302574,3
423,Rajastan,Banswara,25.46351694,76.07367344,343,10.26369181,169,3.033600031,14,83.62538214,190664,51.51280734,82.78805961,50.74360022,37.85733095,172,476.2515571,3
424,Rajastan,Baran,27.01592361,75.29923594,293,13.5348198,283,0.85392301,39,76.33950216,56307,68.97750918,73.50677979,74.42292276,51.65148233,195,421.7265378,0
425,Rajastan,Barmer,27.01998274,73.54813555,588,13.33587977,219,2.669611564,38,80.17234276,63583,44.32583169,78.87185481,87.27408513,46.68356826,168,535.9286921,4
426,Rajastan,Bharatpur,26.10225105,73.47319467,608,11.12783503,314,3.485152538,21,76.56212,143238,76.32224115,70.89687805,74.41230495,34.2208295,192,514.3837649,0
427,Rajastan,Bhilwara,26.0631628,75.68680394,525,12.92023745,133,2.908871264,28,86.22128222,119850,44.12006344,66.29768536,60.63606749,67.41671075,181,793.2372244,2
428,Rajastan,Bikaner,27.30042391,76.05725183,893,11.57592001,356,2.787344101,25,71.02921048,112689,40.60744059,86.01051872,68.29277918,56.80004265,62,734.2607868,2
429,Rajastan,Bundi,26.05018531,74.75608971,432,6.414522585,313,4.342426052,16,69.56173934,112268,46.16751588,60.74769011,65.02288696,34.82737224,116,370.5004537,4
430,Rajastan,Chittaurgarh,26.10811468,74.15261976,543,13.69641798,181,4.291440876,31,94.01383196,115633,54.25647705,87.55435844,88.50858159,71.71837395,158,594.6450949,4
431,Rajastan,Churu,25.32171481,76.28737859,826,5.30146754,117,1.814097585,27,75.14901437,53602,78.58983762,64.83898504,54.8848302,59.64175381,168,562.6061381,0
432,Rajastan,Dausa,26.39595016,74.05091642,506,9.760886087,437,3.091909174,49,87.41540699,188998,74.55352504,84.05862016,51.0419269,35.92453582,102,379.4934299,3
433,Rajastan,Dhaulpur,26.13182388,74.88294932,799,10.38345589,382,0.631242534,42,81.58209283,198733,64.23272676,67.60994564,85.27217783,51.19775207,146,334.4105094,0
434,Rajastan,Dungarpur,26.7889784,76.48762889,981,10.90773937,245,1.918312032,11,88.63140523,194606,78.45780221,78.03325427,55.4053776,70.79123794,172,380.1398695,2
435,Rajastan,Ganganagar,26.21294538,75.86027574,468,14.07010164,246,1.742787625,29,68.7490603,101119,71.39358589,86.5287314,56.52448572,78.25303231,78,324.4428835,4
436,Rajastan,Hanumangarh,26.2482337,73.71956101,246,10.26449192,242,1.236275303,27,69.45284347,140918,71.30782128,85.96865691,88.77329442,62.34356028,118,431.0897597,4
437,Rajastan,Jaipur,26.5333529,74.56993535,734,14.63852351,107,2.257902612,44,66.16173773,162836,47.24959239,60.25954532,87.47330179,72.70410532,71,601.138381,4
438,Rajastan,Jaisalmer,26.07209692,74.69821644,867,9.500153164,158,2.67259011,19,89.98660996,176136,60.78705545,66.87052492,72.48020795,38.43555394,133,310.5338254,4
439,Rajastan,Jalore,26.86155722,74.03689039,483,11.72447588,422,3.641590418,30,61.92382728,96823,50.42206764,73.10618565,79.28914128,51.9812469,57,398.0499032,0
440,Rajastan,Jhalawar,27.1775653,73.00476588,601,11.78823209,190,4.849397287,47,84.4975442,130283,67.08662379,88.7712344,61.04716515,67.2982537,135,509.6889648,4
441,Rajastan,Jhunjhunun,27.01249456,75.18245634,703,14.52363519,345,3.302354833,43,85.00327797,116930,72.86353394,87.68928371,54.97227084,51.38895162,104,721.9691636,3
442,Rajastan,Jodhpur,25.25345957,73.73994484,806,12.80910649,206,1.259754959,16,80.7484139,183136,47.60101439,66.58911798,84.2012544,64.233781,63,343.6019618,0
443,Rajastan,Karauli,25.25146249,73.50876949,564,6.46176716,252,2.640776762,44,67.79561429,93771,61.62347563,69.44197375,71.17905703,41.89397272,70,416.1192122,1
444,Rajastan,Kota,25.92635935,74.85405577,573,5.170608566,152,1.331148771,33,85.29159839,57210,60.28318667,71.53928152,80.99961068,66.18895854,136,599.630741,0
445,Rajastan,Nagaur,26.77577063,76.43303782,833,7.072157268,356,3.193350762,38,87.81274457,86299,42.89549223,67.99390309,82.70073904,62.18190317,198,745.5190088,0
446,Rajastan,Pali,25.70848466,73.87076738,612,12.8936812,194,3.560053273,15,86.75608003,164582,78.84324047,79.19683772,68.12364192,34.28186398,193,683.7366074,4
447,Rajastan,Pratapgarh,26.84428157,73.07757957,517,12.78430165,383,0.801956042,30,89.52619256,159022,67.96784106,71.40788528,52.68789239,45.21073125,118,384.5853416,4
448,Rajastan,Rajsamand,26.42152342,75.05964499,940,14.92728157,113,0.817085799,30,67.04307394,88070,40.00668861,67.36643857,77.44900466,61.61510547,171,576.4431841,2
449,Rajastan,Sawai Madhopur,26.50363822,74.53030791,491,6.48137715,304,0.821167191,24,78.47835722,85837,48.6010465,65.80719383,85.14158228,63.68096765,177,603.2018172,3
450,Rajastan,Sikar,25.46724146,73.78760998,413,6.850711515,194,3.454683068,28,88.60569727,192547,75.48360778,73.01593809,54.20793009,65.73596447,51,502.4591543,2
451,Rajastan,Sirohi,27.46142795,73.34549466,876,5.531391193,446,2.007484437,39,62.03844964,91891,41.69934733,67.39053707,56.99125906,60.9263564,171,645.6365758,1
452,Rajastan,Tonk,26.90536313,74.32345756,892,8.687762548,424,2.011556223,36,60.2542615,145159,58.48982413,85.3152062,87.75675529,75.79985857,155,303.4657496,1
453,Rajastan,Udaipur,25.614827,74.33584479,354,14.93897931,210,1.022356774,23,62.51540847,195251,71.28396089,72.31745602,87.24475687,58.19015676,165,550.7212813,1
454,Andra Pradesh,Sri Potti Sriramulu Nellore,14.45,79.97,120,12.1,180,3.8,28,82,42000,62.5,78,70,48,90,1100,3
455,Andra Pradesh,Palnadu,16.13,80.38,140,13.5,175,4.2,30,85,43000,63,80,72,50,95,1250,4
456,Andra Pradesh,Bapatla,15.98,80.55,130,12.8,165,3.9,29,87,41000,61,79,75,52,93,1200,3
457,Andra Pradesh,Nandyal,15.48,78.48,115,11.9,170,4,27,83,40000,60,74,69,47,89,1300,2
458,Andra Pradesh,Tirupati,13.65,79.42,125,12.3,160,4.1,30,88,42000,62.5,80,73,51,92,1150,4
459,Andra Pradesh,Sri Sathya Sai,14.3,77.9,150,13.4,150,4,29,80,44000,61,76,70,50,90,1250,3
460,Andra Pradesh,Alluri Sitharama Raju,18,81.6,140,12.9,145,3.7,30,85,43000,60.5,77,72,53,94,1400,4
461,Andra Pradesh,Annamayya,13.5,78.7,130,12.5,155,4.3,29,82,45000,61.5,78,71,52,91,1100,2
462,Andra Pradesh,Parvathipuram Manyam,18.8,83.4,120,13,180,4.1,31,86,43000,63,80,70,48,90,1200,3
463,Andra Pradesh,Konaseema,16.65,82.06,135,11.8,170,4.2,30,88,46000,60,79,75,51,95,1300,4
464,Andra Pradesh,Eluru,16.7,81.15,125,12.9,155,3.9,29,82,44000,62.5,80,69,50,89,1350,3
465,Andra Pradesh,NTR,16.47,80.57,130,12.4,165,4,28,84,41000,61.5,75,73,49,93,1150,2
466,Sikkim,East Sikkim,27.33,88.62,33.94,9.84,44.23,10.23,17.85,64.59,58046.48555,91.78,59.40543108,66.93737094,28.57,120.14,1267.9,0
467,Sikkim,North Sikkim,27.88,88.53,18.95,18.65,14.18,11.22,18.47,65.68,58046.48555,94.8,59.40543108,66.93737094,55.71,95.78,2635.66,1
468,Sikkim,South Sikkim,27.3,88.37,55.02,5.06,23.11,1.7,23.91,75.98,58046.48555,58.25,59.40543108,66.93737094,19.46,120.13,2996.29,3
469,Sikkim,West Sikkim,27.33,88.22,94.04,17.71,20.23,4.55,37.58,65.01,58046.48555,69.86,59.40543108,66.93737094,18.9,175.15,1567.36,1
470,Tripura,Dhalai,23.83,91.95,80.26,16.74,38.37,0.42,13.07,84.26,58046.48555,61.84,59.40543108,66.93737094,35.13,54.28,2089.15,2
471,Tripura,Gomati,23.5,91.6,93.95,19.01,5.7,12.6,21.89,65.29,58046.48555,65.05,59.40543108,66.93737094,11.15,190.05,2847.07,2
472,Tripura,Khowai,24.07,91.6,37.27,19.22,3.34,5.08,31.26,99.72,58046.48555,71.42,59.40543108,66.93737094,78.97,154.64,2244.41,0
473,Tripura,North Tripura,24.3,92,46.3,22.22,27.91,17.11,7,68.56,58046.48555,89.65,59.40543108,66.93737094,27.29,57.65,2706.92,1
474,Tripura,Sepahijala,23.75,91.3,14.29,21.47,34.41,5.43,14.15,71.52,58046.48555,54.37,59.40543108,66.93737094,74,138.14,2386.34,3
475,Tripura,South Tripura,23.22,91.53,44.88,23.5,40.13,8.36,8.18,73,58046.48555,67.21,59.40543108,66.93737094,44.36,127.37,1411.83,3
476,Tripura,Unakoti,24.3,92.08,60.23,11.11,12.17,7.23,26.68,73.13,58046.48555,79.01,59.40543108,66.93737094,45.53,71.7,2285.76,3
477,Tripura,West Tripura,23.83,91.3,46.85,17.06,5.08,18.04,11.8,83.06,58046.48555,62.95,59.40543108,66.93737094,63.87,53.01,1725.87,0
478,Tamil Nadu,Ariyalur,10.7441,79.775,123,12,25,0.13,19,88,58046.48555,65,59.40543108,66.93737094,50,61,1770,4
479,Tamil Nadu,Chengalpattu,11.5759,78.7273,138,14.5,31,0.19,21,82,58046.48555,61,59.40543108,66.93737094,88,85,1377,0
480,Tamil Nadu,Chennai,11.0138,77.438,103,13.2,20,0.27,18,91,58046.48555,67,59.40543108,66.93737094,66,77,1639,2
481,Tamil Nadu,Coimbatore,10.7244,77.7481,139,14.5,31,0.29,18,90,58046.48555,68,59.40543108,66.93737094,67,62,1662,2
482,Tamil Nadu,Cuddalore,10.1183,78.7905,82,13.4,28,0.22,22,83,58046.48555,82,59.40543108,66.93737094,41,56,1335,4
483,Tamil Nadu,Dharmapuri,11.2295,76.2409,142,12.2,30,0.22,23,78,58046.48555,80,59.40543108,66.93737094,40,65,1246,2
484,Tamil Nadu,Dindigul,10.1879,78.6671,115,14.9,31,0.26,20,81,58046.48555,67,59.40543108,66.93737094,45,86,1696,4
485,Tamil Nadu,Erode,12.4589,78.6826,147,10.6,25,0.2,15,92,58046.48555,63,59.40543108,66.93737094,64,77,1537,0
486,Tamil Nadu,Kallakurichi,12.8183,76.8415,126,13.8,35,0.11,23,82,58046.48555,81,59.40543108,66.93737094,74,41,1357,2
487,Tamil Nadu,Kanchipuram,9.9172,76.5157,100,12.1,28,0.24,20,77,58046.48555,72,59.40543108,66.93737094,55,45,1724,1
488,Tamil Nadu,Kanyakumari,11.9586,77.2617,130,13.4,22,0.3,19,91,58046.48555,63,59.40543108,66.93737094,43,46,1488,2
489,Tamil Nadu,Karur,10.6445,77.4548,107,11.2,39,0.15,22,93,58046.48555,66,59.40543108,66.93737094,86,52,1315,4
490,Tamil Nadu,Krishnagiri,10.8402,78.2808,94,11.6,39,0.24,19,88,58046.48555,80,59.40543108,66.93737094,77,66,1799,4
491,Tamil Nadu,Madurai,12.628,77.7544,121,14.8,34,0.27,16,79,58046.48555,67,59.40543108,66.93737094,83,50,1609,1
492,Tamil Nadu,Mayiladuthurai,8.3552,79.9535,138,12.9,23,0.25,18,79,58046.48555,79,59.40543108,66.93737094,59,54,1374,1
493,Tamil Nadu,Nagapattinam,8.4356,76.4082,145,13.3,23,0.29,18,87,58046.48555,60,59.40543108,66.93737094,64,48,1698,4
494,Tamil Nadu,Namakkal,8.1011,76.8355,116,12.7,27,0.21,24,92,58046.48555,65,59.40543108,66.93737094,46,47,1764,4
495,Tamil Nadu,Nilgiris,12.1631,76.6452,90,11.2,29,0.14,17,76,58046.48555,71,59.40543108,66.93737094,60,85,1776,2
496,Tamil Nadu,Perambalur,11.8908,78.6124,123,12,29,0.14,20,80,58046.48555,69,59.40543108,66.93737094,46,45,1532,4
497,Tamil Nadu,Pudukkottai,12.3501,77.0132,91,13.1,29,0.14,17,76,58046.48555,79,59.40543108,66.93737094,68,87,1785,1
498,Tamil Nadu,Ramanathapuram,12.8931,77.8652,82,12.4,23,0.21,18,94,58046.48555,67,59.40543108,66.93737094,46,82,1346,2
499,Tamil Nadu,Ranipet,11.9958,76.9777,131,12.4,34,0.19,20,94,58046.48555,81,59.40543108,66.93737094,42,43,1248,4
500,Tamil Nadu,Salem,10.3074,76.6359,112,13.6,38,0.29,22,82,58046.48555,65,59.40543108,66.93737094,68,50,1276,0
501,Tamil Nadu,Sivaganga,11.9026,76.4415,134,11.4,32,0.24,17,84,58046.48555,68,59.40543108,66.93737094,68,67,1493,1
502,Tamil Nadu,Tenkasi,8.5914,78.6253,80,11.9,23,0.12,22,92,58046.48555,71,59.40543108,66.93737094,78,65,1316,0
503,Tamil Nadu,Thanjavur,11.1996,76.5527,118,13.7,29,0.11,16,84,58046.48555,74,59.40543108,66.93737094,77,43,1693,2
504,Tamil Nadu,Theni,8.7168,76.7863,99,14.4,30,0.2,21,75,58046.48555,60,59.40543108,66.93737094,45,54,1760,1
505,Tamil Nadu,Thoothukudi,12.7233,77.4749,126,10.5,33,0.28,20,94,58046.48555,68,59.40543108,66.93737094,85,58,1309,2
506,Tamil Nadu,Tiruchirappalli,10.6092,79.284,122,10.5,27,0.3,15,79,58046.48555,79,59.40543108,66.93737094,49,45,1379,3
507,Tamil Nadu,Tirunelveli,10.0733,76.3884,136,11.8,27,0.22,15,92,58046.48555,66,59.40543108,66.93737094,76,44,1761,1
508,Tamil Nadu,Tirupathur,9.3228,79.3518,140,12.8,21,0.21,18,91,58046.48555,70,59.40543108,66.93737094,53,57,1271,2
509,Tamil Nadu,Tiruppur,11.8712,76.3844,110,10.2,32,0.27,16,78,58046.48555,79,59.40543108,66.93737094,61,45,1633,0
510,Tamil Nadu,Tiruvallur,10.2808,79.9058,104,14.8,22,0.25,24,85,58046.48555,62,59.40543108,66.93737094,71,70,1485,2
511,Tamil Nadu,Tiruvannamalai,10.8422,77.8746,82,11.6,22,0.2,24,76,58046.48555,83,59.40543108,66.93737094,57,64,1715,4
512,Tamil Nadu,Tiruvarur,8.0939,79.907,83,11.1,21,0.24,21,79,58046.48555,60,59.40543108,66.93737094,75,43,1274,4
513,Tamil Nadu,Vellore,11.0882,78.4194,93,10.7,25,0.22,21,79,58046.48555,79,59.40543108,66.93737094,85,45,1796,0
514,Tamil Nadu,Viluppuram,11.0605,78.9571,120,10.5,28,0.24,22,91,58046.48555,74,59.40543108,66.93737094,48,80,1690,2
515,Tamil Nadu,Virudhunagar,11.0847,76.1568,99,14.9,24,0.19,23,91,58046.48555,60,59.40543108,66.93737094,65,76,1521,1
516,Uttarakhand,Almora,29.6,79.7,120,8.5,10,0.2,40,85,15000,55,78,68,30,110,1200,3
517,Uttarakhand,Bageshwar,29.8,79.7,85,7,5,0.1,45,90,14000,60,80,70,25,95,1150,2
518,Uttarakhand,Chamoli,30.3,79.3,130,9,3,0.15,42,82,13500,58,75,72,35,120,1350,3
519,Uttarakhand,Champawat,29.3,80.1,110,8.2,8,0.12,44,88,14200,57,77,65,28,105,1280,4
520,Uttarakhand,Dehradun,30.3,78,95,9.5,6,0.2,39,87,16000,62,82,75,50,115,1450,4
521,Uttarakhand,Haridwar,29.9,78.1,100,8.7,9,0.18,48,84,15200,59,79,71,45,130,1370,3
522,Uttarakhand,Nainital,29.4,79.5,105,8.1,4,0.1,41,86,14400,56,76,69,40,100,1400,3
523,Uttarakhand,Pauri Garhwal,30.1,78.7,140,9.2,5,0.22,46,89,13800,61,81,72,30,98,1330,4
524,Uttarakhand,Pithoragarh,30,80.2,90,8,7,0.1,43,83,13600,58,74,67,25,112,1260,2
525,Uttarakhand,Rudraprayag,30.3,78.9,75,7.5,3,0.15,47,85,14600,60,76,73,35,107,1190,3
526,Uttarakhand,Tehri Garhwal,30.4,78.4,125,8.9,6,0.16,50,92,14500,63,80,74,33,125,1390,4
527,Uttarakhand,Udham Singh Nagar,28.9,79.3,115,9.1,5,0.17,45,90,15000,64,79,71,40,102,1440,4
528,Uttarakhand,Uttarkashi,30.7,78.5,135,7.8,4,0.12,49,88,14100,62,78,70,32,118,1380,3
529,Uttar Pradesh,Agra,24.7386,77.2911,261,11.43967439,104,33,48,94,23469,70.88,59.19,66.93737094,25.25,166,1473.31,4
530,Uttar Pradesh,Aligarh,24.7773,82.6705,270,9.482611431,219,3,41,87,20540,76.41,76.92,66.93737094,53.44,129,758.75,3
531,Uttar Pradesh,Prayagraj,25.7422,83.2412,334,19.54694832,134,42,72,61,14667,57.72,72.55,66.93737094,48.02,223,1073.16,3
532,Uttar Pradesh,Ambedkar Nagar,28.9066,78.467,369,9.979289532,262,18,45,84,14920,66.92,59.61,66.93737094,27.46,56,1225.65,2
533,Uttar Pradesh,Amethi,26.0936,80.1768,119,12.22609863,94,3,64,63,14043,51.8,77.22,66.93737094,71.07,141,1017.64,2
534,Uttar Pradesh,Amroha,28.6458,78.6194,67,10.60966005,197,13,23,76,15655,55.62,62.84,66.93737094,59.15,145,595.27,4
535,Uttar Pradesh,Auraiya,27.6817,82.5507,267,11.47633244,58,20,53,91,18128,46.46,56.87,66.93737094,57.43,73,808.93,3
536,Uttar Pradesh,Ayodhya,25.552,79.7242,72,13.56558281,254,24,52,78,18358,65.9,60.45,66.93737094,60.62,213,1102.09,2
537,Uttar Pradesh,Azamgarh,28.6002,82.248,270,9.553025275,157,38,38,64,14321,57.23,63.57,66.93737094,72.01,85,502.45,0
538,Uttar Pradesh,Baghpat,25.5708,77.9213,386,12.11184115,68,5,78,87,21670,58.84,78.92,66.93737094,67.89,110,1001.87,4
539,Uttar Pradesh,Bahraich,26.7792,81.8242,369,17.49030847,110,9,34,67,13544,47.8,87.78,66.93737094,55.54,70,1359.7,0
540,Uttar Pradesh,Ballia,28.8576,78.1543,97,18.87544667,263,11,73,64,23144,63.46,57.52,66.93737094,52.57,154,846.99,3
541,Uttar Pradesh,Balrampur,25.5065,80.1941,192,11.60629438,165,11,62,61,22886,50.5,54.12,66.93737094,59.58,226,1005.2,2
542,Uttar Pradesh,Banda,26.5916,80.2248,132,20.94459734,47,45,71,68,15213,70.68,83.87,66.93737094,53.9,137,800.54,1
543,Uttar Pradesh,Barabanki,26.1621,82.183,241,7.655371981,258,11,72,85,14645,43.96,76.66,66.93737094,54.58,184,1087.65,1
544,Uttar Pradesh,Bareilly,25.6687,79.7783,246,13.32338076,156,15,46,86,11673,45.08,67.79,66.93737094,65.77,216,762.41,0
545,Uttar Pradesh,Basti,28.1777,80.8865,324,18.36000127,158,14,23,95,12386,56.93,72.47,66.93737094,46.9,131,549.02,0
546,Uttar Pradesh,Bijnor,27.4434,80.2143,154,9.338120545,35,14,20,80,13712,50.44,75.48,66.93737094,31.93,104,890.16,1
547,Uttar Pradesh,Budaun,26.645,77.0312,385,10.27319446,92,44,23,60,6703,55.66,72.62,66.93737094,74.48,146,1498.32,0
548,Uttar Pradesh,Bulandshahr,26.6398,77.9241,243,18.38454836,141,39,26,92,16464,59.9,51.14,66.93737094,22.47,113,723.57,4
549,Uttar Pradesh,Chandauli,28.8201,77.7745,53,21.09976582,81,46,26,88,7541,41.6,64.66,66.93737094,41.21,188,832.9,2
550,Uttar Pradesh,Chitrakoot,24.0012,82.4249,263,21.15256329,232,16,78,77,23241,67.83,78.49,66.93737094,40.09,193,1319.67,4
551,Uttar Pradesh,Deoria,27.669,83.6342,299,8.024477066,151,2,51,62,16258,65.27,78.39,66.93737094,43.95,86,1103.88,2
552,Uttar Pradesh,Etah,25.4475,80.848,222,23.3346741,241,31,22,96,23488,68.08,58.12,66.93737094,60.58,171,708.55,0
553,Uttar Pradesh,Etawah,28.728,80.4061,146,18.0798641,47,10,48,68,23642,53.38,66.1,66.93737094,43.73,132,1143.96,2
554,Uttar Pradesh,Farrukhabad,27.4546,83.4101,231,22.36582818,275,32,60,96,15092,72,75.1,66.93737094,23.16,159,1437.82,1
555,Uttar Pradesh,Fatehpur,25.4058,80.9636,349,8.018438096,158,20,35,66,19407,53.08,76.24,66.93737094,78.12,122,741.71,3
556,Uttar Pradesh,Firozabad,27.48,81.5265,83,19.91583196,230,24,64,87,16305,58.71,65.06,66.93737094,48.03,216,923.05,1
557,Uttar Pradesh,Gautam Buddh Nagar,25.7308,82.4929,161,9.805430168,113,15,65,85,10800,70.75,51.08,66.93737094,37.42,209,1346.28,4
558,Uttar Pradesh,Ghaziabad,26.8672,79.0255,193,13.18708216,182,14,38,69,18897,46.8,89.5,66.93737094,44.33,239,1314.28,0
559,Uttar Pradesh,Ghazipur,26.2088,80.6672,199,5.234607961,205,6,40,60,9321,52.76,68.36,66.93737094,53.68,124,1191.93,3
560,Uttar Pradesh,Gonda,26.6626,81.3641,149,5.612861449,261,34,24,99,7825,65.79,86.94,66.93737094,35.73,73,1179.67,4
561,Uttar Pradesh,Gorakhpur,25.6401,83.7834,120,14.73495623,95,10,75,64,21129,41.86,71.56,66.93737094,35.82,171,845,3
562,Uttar Pradesh,Hamirpur,24.8417,78.1729,308,18.71733237,107,42,77,84,13994,59.61,75.34,66.93737094,72.68,86,1369.17,4
563,Uttar Pradesh,Hapur,25.512,81.0595,186,14.32806915,68,44,28,80,20780,55.8,84.19,66.93737094,56.66,68,729.8,3
564,Uttar Pradesh,Hardoi,28.5444,80.2088,123,8.414775923,283,34,20,100,10043,63.6,72.3,66.93737094,64.11,189,837.67,2
565,Uttar Pradesh,Hathras,27.8986,80.8486,363,8.948992066,20,39,58,97,8316,76.14,87.62,66.93737094,43.83,161,852.96,3
566,Uttar Pradesh,Jalaun,24.8832,83.0075,266,14.95924333,215,14,41,88,7260,42.67,84.84,66.93737094,45.76,155,1211.06,4
567,Uttar Pradesh,Jaunpur,24.8074,81.793,140,20.43007418,62,47,26,69,24925,64.81,85.64,66.93737094,77.02,234,878.23,0
568,Uttar Pradesh,Jhansi,28.1833,78.9284,58,10.14958036,91,49,41,83,5746,73.39,86.84,66.93737094,35.26,93,1033.67,3
569,Uttar Pradesh,Kannauj,28.3321,80.1352,305,7.782753131,61,46,77,98,18481,65.4,51.6,66.93737094,33.73,190,1185.24,0
570,Uttar Pradesh,Kanpur Dehat,26.0633,77.151,81,14.32199044,150,7,33,62,9557,52.89,63.9,66.93737094,73.59,156,1236.48,0
571,Uttar Pradesh,Kanpur Nagar,26.9314,80.8239,146,21.2535736,117,10,35,87,16287,47.47,88.48,66.93737094,74.59,245,684.39,2
572,Uttar Pradesh,Kasganj,26.0948,83.0861,228,16.56915464,257,13,58,71,24492,50.3,72.55,66.93737094,38.2,66,837.33,0
573,Uttar Pradesh,Kaushambi,25.282,82.2634,224,11.60349036,17,19,32,74,20188,71.52,74.58,66.93737094,34.07,137,775.91,3
574,Uttar Pradesh,Kushinagar,25.8636,81.1621,383,15.66120275,213,47,72,94,12745,49.81,87.69,66.93737094,24.55,126,888.99,0
575,Uttar Pradesh,Lakhimpur Kheri,24.4431,77.4188,61,16.99288438,218,12,51,79,7812,65.8,81.65,66.93737094,32.82,65,809.86,4
576,Uttar Pradesh,Lalitpur,25.9093,82.0921,310,15.64102777,129,35,63,71,24391,47.2,61.86,66.93737094,77.65,85,703.24,3
577,Uttar Pradesh,Lucknow,28.4368,82.398,181,20.1399189,277,41,30,83,23710,72.85,62.97,66.93737094,47.26,155,1480.72,4
578,Uttar Pradesh,Maharajganj,24.7424,82.584,341,10.16790161,246,50,42,85,21196,52.46,52.72,66.93737094,30.18,166,953.17,2
579,Uttar Pradesh,Mahoba,25.7176,77.482,395,15.95123944,300,16,40,97,13837,68.81,56,66.93737094,79.63,231,572.16,4
580,Uttar Pradesh,Mainpuri,25.1856,78.8548,312,18.00697438,150,44,74,96,7766,52.89,87.12,66.93737094,33,201,819.21,3
581,Uttar Pradesh,Mathura,28.7565,82.4599,342,13.64962389,45,5,24,76,13886,59.31,72.74,66.93737094,37.03,176,1139.99,0
582,Uttar Pradesh,Mau,27.4322,82.083,68,19.45306647,151,7,35,83,10361,76.42,87.78,66.93737094,60.03,244,945.05,4
583,Uttar Pradesh,Meerut,24.4412,80.0009,333,5.639866379,81,27,52,70,10385,42.45,62.15,66.93737094,51.9,176,1352.04,0
584,Uttar Pradesh,Mirzapur,27.5818,80.6405,99,13.98760242,298,15,64,94,16118,71.79,60.35,66.93737094,27.62,100,1257.66,2
585,Uttar Pradesh,Moradabad,26.2978,83.0662,285,10.6306476,67,42,76,100,11231,61.7,77.75,66.93737094,26.87,186,571.58,2
586,Uttar Pradesh,Muzaffarnagar,24.6431,78.4197,161,11.47474706,252,43,41,68,7145,78.7,83.15,66.93737094,28.85,250,722.65,3
587,Uttar Pradesh,Pilibhit,26.3492,78.539,80,16.19425915,185,9,64,87,12180,48.12,70.45,66.93737094,41.25,153,948.54,0
588,Uttar Pradesh,Pratapgarh,25.0617,80.1937,354,23.84609789,290,2,28,62,16206,49.33,85.93,66.93737094,20.81,110,1360.32,4
589,Uttar Pradesh,Rae Bareli,24.4725,83.2105,307,7.335629554,115,8,70,63,20409,71.28,89.58,66.93737094,29.67,197,1309.83,1
590,Uttar Pradesh,Rampur,27.4948,78.148,92,16.51128197,89,46,38,92,17501,56.69,52.19,66.93737094,75.1,99,1075.36,2
591,Uttar Pradesh,Saharanpur,28.0481,77.4415,52,16.8575144,16,6,69,87,12765,73.84,56.15,66.93737094,48.82,91,1433.61,3
592,Uttar Pradesh,Sambhal,26.4513,83.2321,110,22.56708644,295,19,33,95,5939,69.42,54.67,66.93737094,65.29,57,1480.74,0
593,Uttar Pradesh,Sant Kabir Nagar,25.159,79.2961,188,17.80769657,257,7,34,93,24333,63.85,77.57,66.93737094,71.7,54,742.89,1
594,Uttar Pradesh,Shahjahanpur,24.3594,81.7641,62,8.919421002,70,30,49,94,15301,46.54,61.42,66.93737094,40.61,142,1237.34,1
595,Uttar Pradesh,Shamli,25.7616,81.8057,212,24.08061023,223,28,46,92,24930,56.93,50.48,66.93737094,60.75,228,1275.4,2
596,Uttar Pradesh,Shrawasti,27.8912,83.6739,54,18.46387058,65,3,25,97,19651,74,84.92,66.93737094,53.46,174,559.48,2
597,Uttar Pradesh,Siddharthnagar,25.3293,81.2661,264,8.8708991,63,13,60,63,15486,62.78,89.75,66.93737094,78.38,156,812.43,3
598,Uttar Pradesh,Sitapur,25.5894,81.6083,306,10.48179887,102,22,72,92,24774,41.08,84.87,66.93737094,40.65,154,1235.99,2
599,Uttar Pradesh,Sonbhadra,24.7255,78.8992,287,9.71518424,141,47,61,97,7183,72.68,85.54,66.93737094,34.68,220,905.13,0
600,Uttar Pradesh,Sultanpur,25.8382,80.2718,227,6.031926018,205,47,28,84,16305,55.66,64.37,66.93737094,64.61,80,837.62,1
601,Uttar Pradesh,Unnao,25.6351,83.9456,237,10.80375929,60,20,62,60,17702,55.69,73.49,66.93737094,46.18,143,1122.32,4
602,Uttar Pradesh,Varanasi,26.4327,80.7277,158,13.31092286,116,39,36,88,24771,58.47,50.04,66.93737094,67.13,223,766.58,2
603,West Bengal,Bankura,23.25,87.07,98.65,21.55,8.2,14,29.43,61.37,58046.48555,69.82,59.40543108,66.93737094,44.03,85.78,2435.09,0
604,West Bengal,Barddhaman,23.23,87.86,62.05,13.68,31.47,15.1,29.21,81.02,58046.48555,62.08,59.40543108,66.93737094,50.85,184.36,1394.8,0
605,West Bengal,Birbhum,23.83,87.62,94.7,20.88,38.96,9.71,38.62,96.03,58046.48555,91.85,59.40543108,66.93737094,64.96,65.63,1673.1,2
606,West Bengal,Cooch Behar,26.32,89.45,43.34,21.64,5.94,1.4,31.47,84.57,58046.48555,66.48,59.40543108,66.93737094,21.93,172.23,1639.88,1
607,West Bengal,Dakshin Dinajpur,25.28,88.77,14.48,11.67,17.87,10.36,36.51,99.85,58046.48555,56.92,59.40543108,66.93737094,72.82,72.09,2869.47,4
608,West Bengal,Darjiling,27.04,88.26,36.94,21.53,6.24,11.91,39.47,67.73,58046.48555,81.82,59.40543108,66.93737094,48.92,117.24,1034.29,3
609,West Bengal,East Medinipur,22.57,87.9,30.62,17.08,36.55,14.82,9.62,63.39,58046.48555,79.06,59.40543108,66.93737094,79.41,192.78,1428.37,4
610,West Bengal,Howrah,22.59,88.31,96.7,15.73,22.1,14.73,12.03,97.39,58046.48555,91.53,59.40543108,66.93737094,34.25,135.14,2513.49,1
611,West Bengal,Hugli,22.91,88.39,35.68,15.97,28.69,12.27,21.11,86.25,58046.48555,75.79,59.40543108,66.93737094,15.58,67.78,2674.6,3
612,West Bengal,Jalpaiguri,26.52,88.73,98.5,14.55,21.86,19.21,34.64,99.36,58046.48555,63.11,59.40543108,66.93737094,13.51,100.23,1207.61,1
613,West Bengal,Kolkata,22.57,88.36,11.88,14.49,23.48,6.02,30.12,90.01,58046.48555,77.05,59.40543108,66.93737094,40.9,132.05,2815.44,4
614,West Bengal,Maldah,25,88.14,70.85,21.47,36.01,17.19,17.44,86.96,58046.48555,81.82,59.40543108,66.93737094,26.63,143.89,1235.73,4
615,West Bengal,Murshidabad,24.17,88.27,18.41,12.1,7.69,12.32,17.09,75.74,58046.48555,72.19,59.40543108,66.93737094,48.21,52.37,2628.16,1
616,West Bengal,Nadia,23.4,88.5,51.17,22.06,24.52,19.17,11.49,69.4,58046.48555,85.39,59.40543108,66.93737094,79.71,122.5,2735.24,4
617,West Bengal,North 24 Parganas,22.7,88.4,69.87,7.88,41.49,6.14,19.54,85.79,58046.48555,60.91,59.40543108,66.93737094,36.48,79.37,1448.42,0
618,West Bengal,Puruliya,23.33,86.36,67.42,7.4,14.33,1.76,13.48,92.48,58046.48555,84.33,59.40543108,66.93737094,40.43,140.47,2506.56,0
619,West Bengal,South 24 Parganas,22.15,88.43,78.9,21.65,45.78,12.39,34.18,93.39,58046.48555,63.06,59.40543108,66.93737094,77.89,136.15,2399.04,0
620,West Bengal,Uttar Dinajpur,25.62,88.12,65.58,14.16,33.92,9.26,39.24,95.66,58046.48555,72.48,59.40543108,66.93737094,79.17,128.79,2594.92,0
621,West Bengal,West Medinipur,22.42,87.32,33.27,16.98,1.91,7.19,16.72,64.17,58046.48555,71.49,59.40543108,66.93737094,36.57,170.17,2688.93,3
